miRNA_ID	Patient1
hsa-let-7a-1	14.94792411
hsa-let-7a-2	14.94017728
hsa-let-7a-3	14.94783406
hsa-let-7b	15.86948276
hsa-let-7c	11.00382722
hsa-let-7d	9.317854599
hsa-let-7e	10.67909214
hsa-let-7f-1	13.37346011
hsa-let-7f-2	13.39855707
hsa-let-7g	9.850279606
hsa-let-7i	8.954656105
hsa-mir-1-1	1.571793774
hsa-mir-1-2	1.571793774
hsa-mir-100	11.92791692
hsa-mir-101-1	13.29538171
hsa-mir-101-2	13.29894434
hsa-mir-103a-1	13.33811312
hsa-mir-103a-2	13.34009058
hsa-mir-103b-1	0
hsa-mir-103b-2	0
hsa-mir-105-1	0
hsa-mir-105-2	0
hsa-mir-106a	2.946229479
hsa-mir-106b	9.154662781
hsa-mir-107	6.525765949
hsa-mir-10a	14.19720639
hsa-mir-10b	10.95476978
hsa-mir-1178	0
hsa-mir-1179	0
hsa-mir-1180	4.198503976
hsa-mir-1181	0.479797592
hsa-mir-1182	0
hsa-mir-1183	0
hsa-mir-1184-1	0
hsa-mir-1184-2	0
hsa-mir-1184-3	0
hsa-mir-1185-1	0
hsa-mir-1185-2	0
hsa-mir-1193	0
hsa-mir-1197	0
hsa-mir-1199	0
hsa-mir-1200	0
hsa-mir-1202	0
hsa-mir-1203	0
hsa-mir-1204	0
hsa-mir-1205	0
hsa-mir-1206	0
hsa-mir-1207	0
hsa-mir-1208	0
hsa-mir-122	0
hsa-mir-1224	0.839231609
hsa-mir-1225	0
hsa-mir-1226	1.126738333
hsa-mir-1227	0.479797592
hsa-mir-1228	0
hsa-mir-1229	0
hsa-mir-1231	0
hsa-mir-1233-1	0
hsa-mir-1233-2	0
hsa-mir-1234	0
hsa-mir-1236	0
hsa-mir-1237	0
hsa-mir-1238	0
hsa-mir-124-1	0
hsa-mir-124-2	0
hsa-mir-124-3	0
hsa-mir-1243	0
hsa-mir-1244-1	0
hsa-mir-1244-2	0
hsa-mir-1244-3	0
hsa-mir-1244-4	0
hsa-mir-1245a	0.479797592
hsa-mir-1245b	0
hsa-mir-1246	0
hsa-mir-1247	2.416848117
hsa-mir-1248	1.571793774
hsa-mir-1249	1.366360266
hsa-mir-1250	0
hsa-mir-1251	0
hsa-mir-1252	0
hsa-mir-1253	0
hsa-mir-1254-1	0
hsa-mir-1254-2	0
hsa-mir-1255a	0
hsa-mir-1255b-1	0
hsa-mir-1255b-2	0
hsa-mir-1256	0
hsa-mir-1257	0
hsa-mir-1258	0
hsa-mir-125a	9.154662781
hsa-mir-125b-1	6.748569082
hsa-mir-125b-2	6.918179643
hsa-mir-126	9.015313882
hsa-mir-1260a	0
hsa-mir-1260b	0
hsa-mir-1261	0
hsa-mir-1262	1.571793774
hsa-mir-1263	0
hsa-mir-1264	0
hsa-mir-1265	0
hsa-mir-1266	3.33265223
hsa-mir-1267	0
hsa-mir-1268a	0
hsa-mir-1268b	0
hsa-mir-1269a	12.11559497
hsa-mir-1269b	0.839231609
hsa-mir-127	7.695915575
hsa-mir-1270	0.839231609
hsa-mir-1271	0.479797592
hsa-mir-1272	0
hsa-mir-1273a	0
hsa-mir-1273c	0
hsa-mir-1273d	0
hsa-mir-1273e	0
hsa-mir-1273f	0
hsa-mir-1273g	0
hsa-mir-1273h	0
hsa-mir-1275	0
hsa-mir-1276	0
hsa-mir-1277	0.479797592
hsa-mir-1278	0
hsa-mir-1279	0
hsa-mir-128-1	5.686561623
hsa-mir-128-2	4.818841973
hsa-mir-1281	0
hsa-mir-1282	0
hsa-mir-1283-1	0
hsa-mir-1283-2	0
hsa-mir-1284	0
hsa-mir-1285-1	0
hsa-mir-1285-2	0
hsa-mir-1286	0
hsa-mir-1287	5.393451279
hsa-mir-1288	0
hsa-mir-1289-1	0
hsa-mir-1289-2	0
hsa-mir-129-1	2.416848117
hsa-mir-129-2	2.055329642
hsa-mir-1290	0
hsa-mir-1291	0
hsa-mir-1292	0.839231609
hsa-mir-1293	0
hsa-mir-1294	0.479797592
hsa-mir-1295a	0
hsa-mir-1295b	0
hsa-mir-1296	1.751587975
hsa-mir-1297	0
hsa-mir-1298	0
hsa-mir-1299	0
hsa-mir-1301	2.055329642
hsa-mir-1302-1	0
hsa-mir-1302-10	0
hsa-mir-1302-11	0
hsa-mir-1302-2	0
hsa-mir-1302-3	0
hsa-mir-1302-4	0
hsa-mir-1302-5	0
hsa-mir-1302-6	0
hsa-mir-1302-7	0
hsa-mir-1302-8	0
hsa-mir-1302-9	0
hsa-mir-1303	0
hsa-mir-1304	1.366360266
hsa-mir-1305	0
hsa-mir-1306	2.705685132
hsa-mir-1307	9.14665076
hsa-mir-130a	5.236224375
hsa-mir-130b	4.989809641
hsa-mir-132	6.029262288
hsa-mir-1321	0
hsa-mir-1322	0
hsa-mir-1323	0
hsa-mir-1324	0
hsa-mir-133a-1	0
hsa-mir-133a-2	0.479797592
hsa-mir-133b	0
hsa-mir-134	5.901776687
hsa-mir-1343	0
hsa-mir-135a-1	0
hsa-mir-135a-2	0
hsa-mir-135b	6.562363712
hsa-mir-136	1.911437722
hsa-mir-137	0.839231609
hsa-mir-138-1	0
hsa-mir-138-2	0
hsa-mir-139	3.018254758
hsa-mir-140	9.503398844
hsa-mir-141	10.83430183
hsa-mir-142	8.917469225
hsa-mir-143	16.14514443
hsa-mir-144	5.29539919
hsa-mir-145	7.736516801
hsa-mir-1468	2.946229479
hsa-mir-1469	0
hsa-mir-146a	8.147187495
hsa-mir-146b	11.54673824
hsa-mir-1470	0
hsa-mir-1471	0
hsa-mir-147a	0
hsa-mir-147b	0.479797592
hsa-mir-148a	16.43157101
hsa-mir-148b	6.950754382
hsa-mir-149	1.751587975
hsa-mir-150	8.363101749
hsa-mir-151a	12.07698747
hsa-mir-151b	1.366360266
hsa-mir-152	7.374354293
hsa-mir-153-1	0.839231609
hsa-mir-153-2	2.055329642
hsa-mir-1537	0
hsa-mir-1538	0
hsa-mir-1539	0
hsa-mir-154	0.479797592
hsa-mir-155	7.992624279
hsa-mir-1587	0
hsa-mir-15a	6.880027862
hsa-mir-15b	7.881152098
hsa-mir-16-1	7.662591306
hsa-mir-16-2	7.628479049
hsa-mir-17	10.14838987
hsa-mir-181a-1	12.83097745
hsa-mir-181a-2	12.94876318
hsa-mir-181b-1	10.33490728
hsa-mir-181b-2	10.29151178
hsa-mir-181c	5.433515906
hsa-mir-181d	3.682174254
hsa-mir-182	15.730904
hsa-mir-1825	0
hsa-mir-1827	0
hsa-mir-183	14.36704878
hsa-mir-184	0
hsa-mir-185	6.002876344
hsa-mir-186	8.014801786
hsa-mir-187	2.055329642
hsa-mir-188	2.055329642
hsa-mir-18a	3.086854744
hsa-mir-18b	1.126738333
hsa-mir-1908	0
hsa-mir-1909	0
hsa-mir-190a	1.366360266
hsa-mir-190b	0
hsa-mir-191	7.871461977
hsa-mir-1910	0
hsa-mir-1911	0
hsa-mir-1912	0
hsa-mir-1913	0
hsa-mir-1914	0
hsa-mir-1915	0
hsa-mir-192	8.356170156
hsa-mir-193a	7.336115129
hsa-mir-193b	3.33265223
hsa-mir-194-1	6.598055985
hsa-mir-194-2	6.865456754
hsa-mir-195	5.61867595
hsa-mir-196a-1	4.504630307
hsa-mir-196a-2	4.52949015
hsa-mir-196b	1.911437722
hsa-mir-197	6.991583668
hsa-mir-1972-1	0
hsa-mir-1972-2	0
hsa-mir-1973	0
hsa-mir-1976	3.725849873
hsa-mir-198	0
hsa-mir-199a-1	8.789532132
hsa-mir-199a-2	9.43761112
hsa-mir-199b	9.784677915
hsa-mir-19a	3.888420828
hsa-mir-19b-1	6.105642588
hsa-mir-19b-2	6.178181598
hsa-mir-200a	9.689309514
hsa-mir-200b	10.06688723
hsa-mir-200c	14.58754456
hsa-mir-202	0
hsa-mir-203a	13.3554876
hsa-mir-203b	6.130229753
hsa-mir-204	0.839231609
hsa-mir-205	2.790401726
hsa-mir-2052	0
hsa-mir-2053	0
hsa-mir-2054	0
hsa-mir-206	0
hsa-mir-208a	0
hsa-mir-208b	0
hsa-mir-20a	8.388802591
hsa-mir-20b	1.366360266
hsa-mir-21	17.31318085
hsa-mir-210	6.341510871
hsa-mir-211	0
hsa-mir-2110	1.911437722
hsa-mir-2113	0
hsa-mir-2114	0
hsa-mir-2115	0.479797592
hsa-mir-2116	0.479797592
hsa-mir-2117	0
hsa-mir-212	2.946229479
hsa-mir-214	3.152340176
hsa-mir-215	2.790401726
hsa-mir-216a	3.590644173
hsa-mir-216b	2.615681834
hsa-mir-217	8.045288471
hsa-mir-218-1	4.624855216
hsa-mir-218-2	4.198503976
hsa-mir-219a-1	2.519687576
hsa-mir-219a-2	0
hsa-mir-219b	0
hsa-mir-22	15.36115713
hsa-mir-221	7.799191845
hsa-mir-222	5.882608791
hsa-mir-223	6.936883742
hsa-mir-224	3.809424117
hsa-mir-2276	0
hsa-mir-2277	0.479797592
hsa-mir-2278	0
hsa-mir-2355	4.034513575
hsa-mir-2392	0
hsa-mir-23a	11.11091003
hsa-mir-23b	9.942828724
hsa-mir-23c	0
hsa-mir-24-1	9.53135991
hsa-mir-24-2	9.558789347
hsa-mir-2467	0
hsa-mir-25	13.97064395
hsa-mir-2681	0
hsa-mir-2682	0
hsa-mir-26a-1	11.10161484
hsa-mir-26a-2	11.10239173
hsa-mir-26b	9.155661161
hsa-mir-27a	9.750062563
hsa-mir-27b	10.54683994
hsa-mir-28	11.75507698
hsa-mir-2861	0
hsa-mir-2909	0
hsa-mir-296	3.018254758
hsa-mir-297	0
hsa-mir-298	0
hsa-mir-299	1.126738333
hsa-mir-29a	12.97911202
hsa-mir-29b-1	6.727237667
hsa-mir-29b-2	6.922878448
hsa-mir-29c	11.78054118
hsa-mir-300	0
hsa-mir-301a	1.751587975
hsa-mir-301b	0
hsa-mir-302a	0
hsa-mir-302b	0
hsa-mir-302c	0
hsa-mir-302d	0
hsa-mir-302e	0
hsa-mir-302f	0
hsa-mir-3064	0
hsa-mir-3065	7.195626336
hsa-mir-3074	3.152340176
hsa-mir-30a	14.37810468
hsa-mir-30b	9.232426916
hsa-mir-30c-1	7.388011928
hsa-mir-30c-2	7.74450171
hsa-mir-30d	14.92994717
hsa-mir-30e	14.09337541
hsa-mir-31	0
hsa-mir-3115	0
hsa-mir-3116-1	0
hsa-mir-3116-2	0
hsa-mir-3117	0
hsa-mir-3118-1	0
hsa-mir-3118-2	0
hsa-mir-3118-3	0
hsa-mir-3118-4	0
hsa-mir-3119-1	0
hsa-mir-3119-2	0
hsa-mir-3120	0
hsa-mir-3121	0
hsa-mir-3122	0
hsa-mir-3123	0
hsa-mir-3124	0
hsa-mir-3125	0
hsa-mir-3126	0
hsa-mir-3127	2.306111429
hsa-mir-3128	0
hsa-mir-3129	0
hsa-mir-3130-1	3.086854744
hsa-mir-3130-2	2.870418579
hsa-mir-3131	0.479797592
hsa-mir-3132	0
hsa-mir-3133	0
hsa-mir-3134	0
hsa-mir-3135a	0
hsa-mir-3135b	0
hsa-mir-3136	0
hsa-mir-3137	0
hsa-mir-3138	0
hsa-mir-3139	0
hsa-mir-3140	0
hsa-mir-3141	0
hsa-mir-3142	0
hsa-mir-3143	0
hsa-mir-3144	0
hsa-mir-3145	0
hsa-mir-3146	0
hsa-mir-3147	0
hsa-mir-3148	0
hsa-mir-3149	0
hsa-mir-3150a	0
hsa-mir-3150b	0
hsa-mir-3151	0
hsa-mir-3152	0
hsa-mir-3153	0
hsa-mir-3154	0
hsa-mir-3155a	0
hsa-mir-3155b	0
hsa-mir-3156-1	0
hsa-mir-3156-2	0
hsa-mir-3156-3	0
hsa-mir-3157	0.479797592
hsa-mir-3158-1	0
hsa-mir-3158-2	0
hsa-mir-3159	0
hsa-mir-3160-1	0
hsa-mir-3160-2	0
hsa-mir-3161	0
hsa-mir-3162	0
hsa-mir-3163	0
hsa-mir-3164	0
hsa-mir-3165	0
hsa-mir-3166	0
hsa-mir-3167	0
hsa-mir-3168	0
hsa-mir-3169	0
hsa-mir-3170	0
hsa-mir-3171	0
hsa-mir-3173	1.126738333
hsa-mir-3174	0
hsa-mir-3175	0
hsa-mir-3176	0
hsa-mir-3177	0
hsa-mir-3178	1.571793774
hsa-mir-3179-1	0
hsa-mir-3179-2	0
hsa-mir-3179-3	0
hsa-mir-3179-4	0
hsa-mir-3180-1	0
hsa-mir-3180-2	0
hsa-mir-3180-3	0
hsa-mir-3180-4	0
hsa-mir-3180-5	0
hsa-mir-3181	0
hsa-mir-3182	0
hsa-mir-3183	0
hsa-mir-3184	0
hsa-mir-3185	0
hsa-mir-3186	0
hsa-mir-3187	0
hsa-mir-3188	0.839231609
hsa-mir-3189	0
hsa-mir-3190	0
hsa-mir-3191	0
hsa-mir-3192	0
hsa-mir-3193	0
hsa-mir-3194	0
hsa-mir-3195	0.479797592
hsa-mir-3196	0
hsa-mir-3197	0.479797592
hsa-mir-3198-1	0
hsa-mir-3198-2	0
hsa-mir-3199-1	0.479797592
hsa-mir-3199-2	1.126738333
hsa-mir-32	5.522887652
hsa-mir-3200	0.479797592
hsa-mir-3201	0
hsa-mir-3202-1	0
hsa-mir-3202-2	0
hsa-mir-320a	7.985903997
hsa-mir-320b-1	0.479797592
hsa-mir-320b-2	0.839231609
hsa-mir-320c-1	1.126738333
hsa-mir-320c-2	0
hsa-mir-320d-1	0.479797592
hsa-mir-320d-2	0.839231609
hsa-mir-320e	0
hsa-mir-323a	0.479797592
hsa-mir-323b	0
hsa-mir-324	4.400672015
hsa-mir-325	0
hsa-mir-326	3.926354164
hsa-mir-328	4.135126694
hsa-mir-329-1	0
hsa-mir-329-2	0
hsa-mir-330	5.751395993
hsa-mir-331	4.229178204
hsa-mir-335	8.715635441
hsa-mir-337	2.615681834
hsa-mir-338	8.387103374
hsa-mir-339	4.167163286
hsa-mir-33a	4.288636885
hsa-mir-33b	0.839231609
hsa-mir-340	4.6702735
hsa-mir-342	5.86318277
hsa-mir-345	2.519687576
hsa-mir-346	0.479797592
hsa-mir-34a	6.269553485
hsa-mir-34b	1.366360266
hsa-mir-34c	4.259213799
hsa-mir-3529	0
hsa-mir-3591	0
hsa-mir-3605	2.055329642
hsa-mir-3606	0
hsa-mir-3607	2.306111429
hsa-mir-3609	0
hsa-mir-361	8.357906178
hsa-mir-3610	0.839231609
hsa-mir-3611	0
hsa-mir-3612	0
hsa-mir-3613	2.186162981
hsa-mir-3614	1.126738333
hsa-mir-3615	2.416848117
hsa-mir-3616	0
hsa-mir-3617	0
hsa-mir-3618	0.479797592
hsa-mir-3619	0.479797592
hsa-mir-362	3.999353798
hsa-mir-3620	0
hsa-mir-3621	0
hsa-mir-3622a	0
hsa-mir-3622b	0
hsa-mir-363	2.416848117
hsa-mir-3646	0
hsa-mir-3648-1	0
hsa-mir-3648-2	0
hsa-mir-3649	0
hsa-mir-3650	0
hsa-mir-3651	0.479797592
hsa-mir-3652	0.479797592
hsa-mir-3653	2.055329642
hsa-mir-3654	0
hsa-mir-3655	0.479797592
hsa-mir-3656	0
hsa-mir-3657	0
hsa-mir-3658	0
hsa-mir-3659	0
hsa-mir-365a	4.102362508
hsa-mir-365b	4.102362508
hsa-mir-3660	0
hsa-mir-3661	0
hsa-mir-3662	0
hsa-mir-3663	0
hsa-mir-3664	0.479797592
hsa-mir-3665	0
hsa-mir-3666	0
hsa-mir-3667	0
hsa-mir-3668	0
hsa-mir-367	0
hsa-mir-3670-1	0
hsa-mir-3670-2	0
hsa-mir-3670-3	0
hsa-mir-3670-4	0
hsa-mir-3671	0
hsa-mir-3672	0
hsa-mir-3674	0
hsa-mir-3675	0
hsa-mir-3677	2.055329642
hsa-mir-3678	1.126738333
hsa-mir-3679	0.479797592
hsa-mir-3680-1	0.479797592
hsa-mir-3680-2	0
hsa-mir-3681	0
hsa-mir-3682	0
hsa-mir-3683	0
hsa-mir-3684	0.479797592
hsa-mir-3685	0
hsa-mir-3686	0
hsa-mir-3687-1	0
hsa-mir-3687-2	0
hsa-mir-3688-1	0
hsa-mir-3688-2	0
hsa-mir-3689a	0
hsa-mir-3689b	0
hsa-mir-3689c	0
hsa-mir-3689d-1	0
hsa-mir-3689d-2	0
hsa-mir-3689e	0
hsa-mir-3689f	0
hsa-mir-369	1.126738333
hsa-mir-3690-1	1.366360266
hsa-mir-3690-2	0
hsa-mir-3691	0
hsa-mir-3692	0
hsa-mir-370	1.366360266
hsa-mir-3713	0
hsa-mir-3714	0
hsa-mir-371a	0
hsa-mir-371b	0
hsa-mir-372	0
hsa-mir-373	0
hsa-mir-374a	9.236207232
hsa-mir-374b	4.288636885
hsa-mir-374c	0
hsa-mir-375	15.91883994
hsa-mir-376a-1	0
hsa-mir-376a-2	0
hsa-mir-376b	0
hsa-mir-376c	1.366360266
hsa-mir-377	0.479797592
hsa-mir-378a	8.405685601
hsa-mir-378b	0
hsa-mir-378c	2.416848117
hsa-mir-378d-1	0
hsa-mir-378d-2	0
hsa-mir-378e	0
hsa-mir-378f	0
hsa-mir-378g	0
hsa-mir-378h	0
hsa-mir-378i	0
hsa-mir-378j	0
hsa-mir-379	8.096097723
hsa-mir-380	0
hsa-mir-381	3.725849873
hsa-mir-382	2.790401726
hsa-mir-383	0
hsa-mir-384	0
hsa-mir-3907	0
hsa-mir-3908	0
hsa-mir-3909	1.571793774
hsa-mir-3910-1	0
hsa-mir-3910-2	0
hsa-mir-3911	0.479797592
hsa-mir-3912	1.126738333
hsa-mir-3913-1	2.306111429
hsa-mir-3913-2	2.416848117
hsa-mir-3914-1	0
hsa-mir-3914-2	0
hsa-mir-3915	0
hsa-mir-3916	0
hsa-mir-3917	1.571793774
hsa-mir-3918	0
hsa-mir-3919	0
hsa-mir-3920	0.479797592
hsa-mir-3921	0
hsa-mir-3922	0.479797592
hsa-mir-3923	0
hsa-mir-3924	0
hsa-mir-3925	0
hsa-mir-3926-1	0.479797592
hsa-mir-3926-2	0
hsa-mir-3927	0
hsa-mir-3928	0.839231609
hsa-mir-3929	0
hsa-mir-3934	3.590644173
hsa-mir-3935	0
hsa-mir-3936	0
hsa-mir-3937	0
hsa-mir-3938	0
hsa-mir-3939	0
hsa-mir-3940	1.571793774
hsa-mir-3941	0.479797592
hsa-mir-3942	0.479797592
hsa-mir-3943	0
hsa-mir-3944	0
hsa-mir-3945	0
hsa-mir-3960	0
hsa-mir-3972	0
hsa-mir-3973	0
hsa-mir-3974	0
hsa-mir-3975	0
hsa-mir-3976	0
hsa-mir-3977	0
hsa-mir-3978	0
hsa-mir-409	2.306111429
hsa-mir-410	3.275016288
hsa-mir-411	1.751587975
hsa-mir-412	0.479797592
hsa-mir-421	2.416848117
hsa-mir-422a	0
hsa-mir-423	6.941522118
hsa-mir-424	4.601598412
hsa-mir-425	5.686561623
hsa-mir-4251	0
hsa-mir-4252	0
hsa-mir-4253	0
hsa-mir-4254	0
hsa-mir-4255	0
hsa-mir-4256	0
hsa-mir-4257	0
hsa-mir-4258	0
hsa-mir-4259	0
hsa-mir-4260	0
hsa-mir-4261	0
hsa-mir-4262	0
hsa-mir-4263	0
hsa-mir-4264	0
hsa-mir-4265	0
hsa-mir-4266	0
hsa-mir-4267	0
hsa-mir-4268	0
hsa-mir-4269	0
hsa-mir-4270	0
hsa-mir-4271	0
hsa-mir-4272	0
hsa-mir-4273	0
hsa-mir-4274	0
hsa-mir-4275	0
hsa-mir-4276	0
hsa-mir-4277	0
hsa-mir-4278	0
hsa-mir-4279	0
hsa-mir-4280	0
hsa-mir-4281	0
hsa-mir-4282	0
hsa-mir-4283-1	0
hsa-mir-4283-2	0
hsa-mir-4284	0
hsa-mir-4285	0
hsa-mir-4286	0
hsa-mir-4287	0
hsa-mir-4288	0
hsa-mir-4289	0
hsa-mir-429	5.843491601
hsa-mir-4290	0
hsa-mir-4291	0
hsa-mir-4292	0
hsa-mir-4293	0
hsa-mir-4294	0
hsa-mir-4295	0
hsa-mir-4296	0
hsa-mir-4297	0
hsa-mir-4298	0
hsa-mir-4299	0
hsa-mir-4300	0
hsa-mir-4301	0
hsa-mir-4302	0
hsa-mir-4303	0
hsa-mir-4304	0
hsa-mir-4305	0
hsa-mir-4306	0
hsa-mir-4307	0
hsa-mir-4308	0
hsa-mir-4309	0
hsa-mir-431	1.911437722
hsa-mir-4310	0
hsa-mir-4311	0
hsa-mir-4312	0
hsa-mir-4313	0
hsa-mir-4314	0
hsa-mir-4315-1	0
hsa-mir-4315-2	0
hsa-mir-4316	0
hsa-mir-4317	0
hsa-mir-4318	0
hsa-mir-4319	0
hsa-mir-432	0.479797592
hsa-mir-4320	0
hsa-mir-4321	0
hsa-mir-4322	0
hsa-mir-4323	0
hsa-mir-4324	0
hsa-mir-4325	0
hsa-mir-4326	0
hsa-mir-4327	0
hsa-mir-4328	0
hsa-mir-4329	0
hsa-mir-433	0.839231609
hsa-mir-4330	0
hsa-mir-4417	0
hsa-mir-4418	0
hsa-mir-4419a	0
hsa-mir-4419b	0
hsa-mir-4420	0
hsa-mir-4421	0
hsa-mir-4422	0
hsa-mir-4423	0
hsa-mir-4424	0
hsa-mir-4425	0
hsa-mir-4426	0
hsa-mir-4427	0
hsa-mir-4428	0
hsa-mir-4429	0
hsa-mir-4430	0
hsa-mir-4431	0
hsa-mir-4432	0
hsa-mir-4433a	0
hsa-mir-4433b	0
hsa-mir-4434	0
hsa-mir-4435-1	0
hsa-mir-4435-2	0.479797592
hsa-mir-4436a	0
hsa-mir-4436b-1	0
hsa-mir-4436b-2	0
hsa-mir-4437	0
hsa-mir-4438	0
hsa-mir-4439	0
hsa-mir-4440	0
hsa-mir-4441	0
hsa-mir-4442	0.479797592
hsa-mir-4443	1.751587975
hsa-mir-4444-1	0.479797592
hsa-mir-4444-2	1.126738333
hsa-mir-4445	0
hsa-mir-4446	0
hsa-mir-4447	0
hsa-mir-4448	0
hsa-mir-4449	1.366360266
hsa-mir-4450	0
hsa-mir-4451	0
hsa-mir-4452	0
hsa-mir-4453	0
hsa-mir-4454	0.479797592
hsa-mir-4455	0
hsa-mir-4456	0
hsa-mir-4457	0
hsa-mir-4458	0
hsa-mir-4459	0
hsa-mir-4460	0
hsa-mir-4461	0.479797592
hsa-mir-4462	0
hsa-mir-4463	0
hsa-mir-4464	0
hsa-mir-4465	0
hsa-mir-4466	0
hsa-mir-4467	0
hsa-mir-4468	0
hsa-mir-4469	0
hsa-mir-4470	0
hsa-mir-4471	0
hsa-mir-4472-1	0
hsa-mir-4472-2	0
hsa-mir-4473	0.479797592
hsa-mir-4474	0
hsa-mir-4475	0
hsa-mir-4476	0
hsa-mir-4477a	0
hsa-mir-4477b	0
hsa-mir-4478	0
hsa-mir-4479	0
hsa-mir-448	0
hsa-mir-4480	0
hsa-mir-4481	0
hsa-mir-4482	0
hsa-mir-4483	0
hsa-mir-4484	0
hsa-mir-4485	0
hsa-mir-4486	0
hsa-mir-4487	0
hsa-mir-4488	0
hsa-mir-4489	0
hsa-mir-4490	0
hsa-mir-4491	0.479797592
hsa-mir-4492	0.839231609
hsa-mir-4493	0
hsa-mir-4494	0
hsa-mir-4495	0
hsa-mir-4496	0
hsa-mir-4497	0
hsa-mir-4498	0
hsa-mir-4499	0
hsa-mir-449a	0
hsa-mir-449b	0
hsa-mir-449c	0
hsa-mir-4500	0
hsa-mir-4501	0
hsa-mir-4502	0
hsa-mir-4503	0
hsa-mir-4504	0
hsa-mir-4505	0
hsa-mir-4506	0
hsa-mir-4507	0
hsa-mir-4508	0
hsa-mir-4509-1	0
hsa-mir-4509-2	0
hsa-mir-4509-3	0
hsa-mir-450a-1	0.839231609
hsa-mir-450a-2	0.839231609
hsa-mir-450b	2.946229479
hsa-mir-4510	0
hsa-mir-4511	0
hsa-mir-4512	0
hsa-mir-4513	0
hsa-mir-4514	0
hsa-mir-4515	0
hsa-mir-4516	0
hsa-mir-4517	0
hsa-mir-4518	0
hsa-mir-4519	0
hsa-mir-451a	6.678056548
hsa-mir-451b	0
hsa-mir-452	4.647743109
hsa-mir-4520-1	0
hsa-mir-4520-2	0
hsa-mir-4521	0.839231609
hsa-mir-4522	0
hsa-mir-4523	0
hsa-mir-4524a	0
hsa-mir-4524b	0
hsa-mir-4525	0
hsa-mir-4526	0
hsa-mir-4527	0
hsa-mir-4528	0
hsa-mir-4529	0.479797592
hsa-mir-4530	0
hsa-mir-4531	0
hsa-mir-4532	0
hsa-mir-4533	0
hsa-mir-4534	0
hsa-mir-4535	0
hsa-mir-4536-1	0
hsa-mir-4536-2	0
hsa-mir-4537	0
hsa-mir-4538	0
hsa-mir-4539	0
hsa-mir-454	1.571793774
hsa-mir-4540	0
hsa-mir-455	7.856803655
hsa-mir-4632	0
hsa-mir-4633	0
hsa-mir-4634	0
hsa-mir-4635	0
hsa-mir-4636	0.479797592
hsa-mir-4637	0
hsa-mir-4638	0
hsa-mir-4639	0
hsa-mir-4640	0
hsa-mir-4641	0
hsa-mir-4642	0
hsa-mir-4643	0
hsa-mir-4644	0
hsa-mir-4645	0.479797592
hsa-mir-4646	0
hsa-mir-4647	0
hsa-mir-4648	0
hsa-mir-4649	0
hsa-mir-4650-1	0
hsa-mir-4650-2	0
hsa-mir-4651	0
hsa-mir-4652	0
hsa-mir-4653	0
hsa-mir-4654	0
hsa-mir-4655	0
hsa-mir-4656	0
hsa-mir-4657	0
hsa-mir-4658	0.479797592
hsa-mir-4659a	0
hsa-mir-4659b	0
hsa-mir-466	0
hsa-mir-4660	0.479797592
hsa-mir-4661	2.519687576
hsa-mir-4662a	4.601598412
hsa-mir-4662b	0
hsa-mir-4663	0
hsa-mir-4664	0.839231609
hsa-mir-4665	0
hsa-mir-4666a	0
hsa-mir-4666b	0
hsa-mir-4667	0
hsa-mir-4668	1.571793774
hsa-mir-4669	0
hsa-mir-4670	0
hsa-mir-4671	0
hsa-mir-4672	0
hsa-mir-4673	0
hsa-mir-4674	0
hsa-mir-4675	0
hsa-mir-4676	0.479797592
hsa-mir-4677	3.388073648
hsa-mir-4678	0
hsa-mir-4679-1	0
hsa-mir-4679-2	0
hsa-mir-4680	0
hsa-mir-4681	0
hsa-mir-4682	0
hsa-mir-4683	0.479797592
hsa-mir-4684	0
hsa-mir-4685	0
hsa-mir-4686	0
hsa-mir-4687	0
hsa-mir-4688	0
hsa-mir-4689	0
hsa-mir-4690	0
hsa-mir-4691	0
hsa-mir-4692	0
hsa-mir-4693	0
hsa-mir-4694	0
hsa-mir-4695	0
hsa-mir-4696	0
hsa-mir-4697	0
hsa-mir-4698	0
hsa-mir-4699	0
hsa-mir-4700	0.479797592
hsa-mir-4701	0
hsa-mir-4703	0
hsa-mir-4704	0
hsa-mir-4705	0
hsa-mir-4706	0
hsa-mir-4707	0.479797592
hsa-mir-4708	0
hsa-mir-4709	3.152340176
hsa-mir-4710	0
hsa-mir-4711	0
hsa-mir-4712	0
hsa-mir-4713	0
hsa-mir-4714	0
hsa-mir-4715	0
hsa-mir-4716	0.479797592
hsa-mir-4717	0
hsa-mir-4718	0
hsa-mir-4719	0
hsa-mir-4720	0
hsa-mir-4721	0
hsa-mir-4722	0.479797592
hsa-mir-4723	0
hsa-mir-4724	0
hsa-mir-4725	0
hsa-mir-4726	0.479797592
hsa-mir-4727	0
hsa-mir-4728	0.479797592
hsa-mir-4729	0
hsa-mir-4730	0
hsa-mir-4731	0
hsa-mir-4732	0
hsa-mir-4733	0
hsa-mir-4734	0
hsa-mir-4735	0
hsa-mir-4736	0
hsa-mir-4737	0
hsa-mir-4738	0
hsa-mir-4739	0
hsa-mir-4740	0
hsa-mir-4741	0.479797592
hsa-mir-4742	1.571793774
hsa-mir-4743	0
hsa-mir-4744	0
hsa-mir-4745	0
hsa-mir-4746	2.615681834
hsa-mir-4747	0
hsa-mir-4748	0
hsa-mir-4749	0
hsa-mir-4750	0
hsa-mir-4751	0
hsa-mir-4752	0
hsa-mir-4753	0
hsa-mir-4754	0.839231609
hsa-mir-4755	0.479797592
hsa-mir-4756	0
hsa-mir-4757	0
hsa-mir-4758	0
hsa-mir-4759	0
hsa-mir-4760	0
hsa-mir-4761	0
hsa-mir-4762	0
hsa-mir-4763	0
hsa-mir-4764	0
hsa-mir-4765	0
hsa-mir-4766	0
hsa-mir-4767	0
hsa-mir-4768	0.479797592
hsa-mir-4769	0
hsa-mir-4770	0
hsa-mir-4771-1	0.479797592
hsa-mir-4771-2	0
hsa-mir-4772	2.186162981
hsa-mir-4773-1	0
hsa-mir-4773-2	0
hsa-mir-4774	0
hsa-mir-4775	0
hsa-mir-4776-1	0
hsa-mir-4776-2	0
hsa-mir-4777	0.479797592
hsa-mir-4778	0
hsa-mir-4779	0
hsa-mir-4780	0
hsa-mir-4781	0.479797592
hsa-mir-4782	0
hsa-mir-4783	0
hsa-mir-4784	0
hsa-mir-4785	0.479797592
hsa-mir-4786	1.126738333
hsa-mir-4787	0
hsa-mir-4788	1.366360266
hsa-mir-4789	0
hsa-mir-4790	0
hsa-mir-4791	0.479797592
hsa-mir-4792	0
hsa-mir-4793	0
hsa-mir-4794	0
hsa-mir-4795	0
hsa-mir-4796	0
hsa-mir-4797	0
hsa-mir-4798	0
hsa-mir-4799	0
hsa-mir-4800	0
hsa-mir-4801	0
hsa-mir-4802	0
hsa-mir-4803	0
hsa-mir-4804	0
hsa-mir-483	0
hsa-mir-484	5.236224375
hsa-mir-485	1.126738333
hsa-mir-486-1	3.999353798
hsa-mir-486-2	3.963315696
hsa-mir-487a	0
hsa-mir-487b	0
hsa-mir-488	0
hsa-mir-489	0
hsa-mir-490	0
hsa-mir-491	1.751587975
hsa-mir-492	0
hsa-mir-493	2.615681834
hsa-mir-494	0.479797592
hsa-mir-495	0.479797592
hsa-mir-496	1.126738333
hsa-mir-497	3.682174254
hsa-mir-498	0
hsa-mir-4999	1.366360266
hsa-mir-499a	0
hsa-mir-499b	0
hsa-mir-5000	0.839231609
hsa-mir-5001	0.839231609
hsa-mir-5002	0
hsa-mir-5003	0
hsa-mir-5004	0
hsa-mir-5006	0
hsa-mir-5007	0
hsa-mir-5008	0
hsa-mir-5009	0
hsa-mir-500a	9.077743731
hsa-mir-500b	2.416848117
hsa-mir-501	5.911265972
hsa-mir-5010	1.126738333
hsa-mir-5011	0
hsa-mir-502	4.135126694
hsa-mir-503	0.479797592
hsa-mir-504	1.571793774
hsa-mir-5047	0
hsa-mir-505	3.849463102
hsa-mir-506	0
hsa-mir-507	0
hsa-mir-508	2.055329642
hsa-mir-5087	0
hsa-mir-5088	0
hsa-mir-5089	0.479797592
hsa-mir-509-1	0
hsa-mir-509-2	0.479797592
hsa-mir-509-3	0.479797592
hsa-mir-5090	0
hsa-mir-5091	2.055329642
hsa-mir-5092	0
hsa-mir-5093	0.479797592
hsa-mir-5094	0
hsa-mir-5095	0
hsa-mir-5096	0
hsa-mir-510	0
hsa-mir-5100	0
hsa-mir-511	4.858624045
hsa-mir-512-1	0
hsa-mir-512-2	0
hsa-mir-513a-1	0
hsa-mir-513a-2	0
hsa-mir-513b	0
hsa-mir-513c	0
hsa-mir-514a-1	0
hsa-mir-514a-2	0.479797592
hsa-mir-514a-3	0
hsa-mir-514b	0
hsa-mir-515-1	0
hsa-mir-515-2	0
hsa-mir-516a-1	0.479797592
hsa-mir-516a-2	0
hsa-mir-516b-1	0
hsa-mir-516b-2	0
hsa-mir-517a	0
hsa-mir-517b	0
hsa-mir-517c	0
hsa-mir-5186	0
hsa-mir-5187	1.126738333
hsa-mir-5188	0
hsa-mir-5189	0
hsa-mir-518a-1	0
hsa-mir-518a-2	0.479797592
hsa-mir-518b	0
hsa-mir-518c	0
hsa-mir-518d	0
hsa-mir-518e	0
hsa-mir-518f	0.479797592
hsa-mir-5190	0
hsa-mir-5191	0
hsa-mir-5192	0
hsa-mir-5193	0.479797592
hsa-mir-5194	0
hsa-mir-5195	0
hsa-mir-5196	0
hsa-mir-5197	0
hsa-mir-519a-1	0
hsa-mir-519a-2	0
hsa-mir-519b	0
hsa-mir-519c	0
hsa-mir-519d	0
hsa-mir-519e	0
hsa-mir-520a	0
hsa-mir-520b	0
hsa-mir-520c	0
hsa-mir-520d	0
hsa-mir-520e	0
hsa-mir-520f	0
hsa-mir-520g	0
hsa-mir-520h	0
hsa-mir-521-1	0
hsa-mir-521-2	0
hsa-mir-522	0
hsa-mir-523	0
hsa-mir-524	0
hsa-mir-525	0.479797592
hsa-mir-526a-1	0
hsa-mir-526a-2	0
hsa-mir-526b	0.479797592
hsa-mir-527	0
hsa-mir-532	10.93687847
hsa-mir-539	0.479797592
hsa-mir-541	0
hsa-mir-542	6.889660803
hsa-mir-543	0.479797592
hsa-mir-544a	0
hsa-mir-544b	0
hsa-mir-545	0
hsa-mir-548a-1	0
hsa-mir-548a-2	0
hsa-mir-548a-3	0
hsa-mir-548aa-1	0
hsa-mir-548aa-2	0
hsa-mir-548ab	0
hsa-mir-548ac	0
hsa-mir-548ad	0
hsa-mir-548ae-1	0
hsa-mir-548ae-2	0
hsa-mir-548ag-1	0.479797592
hsa-mir-548ag-2	1.751587975
hsa-mir-548ah	0
hsa-mir-548ai	0
hsa-mir-548aj-1	0
hsa-mir-548aj-2	0
hsa-mir-548ak	0
hsa-mir-548al	0
hsa-mir-548am	0
hsa-mir-548an	0
hsa-mir-548ao	0
hsa-mir-548ap	0
hsa-mir-548aq	0
hsa-mir-548ar	0
hsa-mir-548as	0
hsa-mir-548at	0
hsa-mir-548au	0
hsa-mir-548av	0
hsa-mir-548aw	0.839231609
hsa-mir-548ax	0
hsa-mir-548ay	0
hsa-mir-548az	0
hsa-mir-548b	0.479797592
hsa-mir-548ba	0
hsa-mir-548bb	0
hsa-mir-548c	0
hsa-mir-548d-1	0
hsa-mir-548d-2	0
hsa-mir-548e	0
hsa-mir-548f-1	0
hsa-mir-548f-2	0
hsa-mir-548f-3	0
hsa-mir-548f-4	0
hsa-mir-548f-5	0
hsa-mir-548g	0
hsa-mir-548h-1	0
hsa-mir-548h-2	0
hsa-mir-548h-3	0
hsa-mir-548h-4	0
hsa-mir-548h-5	0
hsa-mir-548i-1	0
hsa-mir-548i-2	0
hsa-mir-548i-3	0
hsa-mir-548i-4	0
hsa-mir-548j	0.479797592
hsa-mir-548k	0.839231609
hsa-mir-548l	0.479797592
hsa-mir-548m	0
hsa-mir-548n	0
hsa-mir-548o	0
hsa-mir-548o-2	0.479797592
hsa-mir-548p	0
hsa-mir-548q	0
hsa-mir-548s	0
hsa-mir-548t	0.479797592
hsa-mir-548u	0
hsa-mir-548v	0
hsa-mir-548w	0
hsa-mir-548x	0
hsa-mir-548x-2	0
hsa-mir-548y	0
hsa-mir-548z	0
hsa-mir-549a	1.126738333
hsa-mir-550a-1	1.126738333
hsa-mir-550a-2	0.479797592
hsa-mir-550a-3	0
hsa-mir-550b-1	0
hsa-mir-550b-2	0
hsa-mir-551a	0.479797592
hsa-mir-551b	0
hsa-mir-552	2.416848117
hsa-mir-553	0
hsa-mir-554	0
hsa-mir-555	0
hsa-mir-556	0
hsa-mir-557	0
hsa-mir-5571	0
hsa-mir-5572	0
hsa-mir-5579	0
hsa-mir-558	0
hsa-mir-5580	0.479797592
hsa-mir-5581	0.479797592
hsa-mir-5582	0
hsa-mir-5583-1	0
hsa-mir-5583-2	0
hsa-mir-5584	0
hsa-mir-5585	0
hsa-mir-5586	0
hsa-mir-5587	0
hsa-mir-5588	0
hsa-mir-5589	0
hsa-mir-559	0.479797592
hsa-mir-5590	0
hsa-mir-5591	0
hsa-mir-561	0.479797592
hsa-mir-562	0
hsa-mir-563	0
hsa-mir-564	0
hsa-mir-566	0
hsa-mir-567	0
hsa-mir-568	0
hsa-mir-5680	0
hsa-mir-5681a	0
hsa-mir-5681b	0
hsa-mir-5682	0
hsa-mir-5683	0
hsa-mir-5684	0
hsa-mir-5685	0.479797592
hsa-mir-5687	1.126738333
hsa-mir-5688	0
hsa-mir-5689	0
hsa-mir-569	0
hsa-mir-5690	0
hsa-mir-5691	0.839231609
hsa-mir-5692a-1	0
hsa-mir-5692a-2	0
hsa-mir-5692b	0
hsa-mir-5692c-1	0
hsa-mir-5692c-2	0
hsa-mir-5693	0
hsa-mir-5694	0
hsa-mir-5695	0
hsa-mir-5696	0
hsa-mir-5697	0
hsa-mir-5698	2.416848117
hsa-mir-5699	0.839231609
hsa-mir-570	0
hsa-mir-5700	0
hsa-mir-5701-1	0
hsa-mir-5701-2	0
hsa-mir-5701-3	0
hsa-mir-5702	0
hsa-mir-5703	0.839231609
hsa-mir-5704	0
hsa-mir-5705	0
hsa-mir-5706	0
hsa-mir-5707	0
hsa-mir-5708	0
hsa-mir-571	0
hsa-mir-572	0
hsa-mir-573	0
hsa-mir-5739	0
hsa-mir-574	5.352242171
hsa-mir-575	0
hsa-mir-576	1.911437722
hsa-mir-577	1.751587975
hsa-mir-578	0.479797592
hsa-mir-5787	0
hsa-mir-579	0.479797592
hsa-mir-580	0
hsa-mir-581	0.479797592
hsa-mir-582	8.617601359
hsa-mir-583	0
hsa-mir-584	4.135126694
hsa-mir-585	0.479797592
hsa-mir-586	0
hsa-mir-587	0
hsa-mir-588	0
hsa-mir-589	5.485261294
hsa-mir-590	2.306111429
hsa-mir-591	0
hsa-mir-592	0.839231609
hsa-mir-593	0
hsa-mir-595	0
hsa-mir-596	0
hsa-mir-597	0
hsa-mir-598	3.44144457
hsa-mir-599	0.479797592
hsa-mir-600	0.479797592
hsa-mir-601	0
hsa-mir-602	0
hsa-mir-603	0
hsa-mir-604	0
hsa-mir-605	0
hsa-mir-606	0
hsa-mir-6068	0
hsa-mir-6069	0
hsa-mir-607	0
hsa-mir-6070	0
hsa-mir-6071	0
hsa-mir-6072	0
hsa-mir-6073	0
hsa-mir-6074	0
hsa-mir-6075	0
hsa-mir-6076	0
hsa-mir-6077	0
hsa-mir-6078	0
hsa-mir-6079	0
hsa-mir-608	0
hsa-mir-6080	0
hsa-mir-6081	0
hsa-mir-6082	0
hsa-mir-6083	0
hsa-mir-6084	0
hsa-mir-6085	0
hsa-mir-6086	0
hsa-mir-6087	0.479797592
hsa-mir-6088	0
hsa-mir-6089-1	0
hsa-mir-6089-2	0
hsa-mir-609	0
hsa-mir-6090	0
hsa-mir-610	0
hsa-mir-611	0
hsa-mir-612	0
hsa-mir-6124	0
hsa-mir-6125	0.479797592
hsa-mir-6126	0
hsa-mir-6127	0
hsa-mir-6128	0
hsa-mir-6129	0
hsa-mir-613	0
hsa-mir-6130	0
hsa-mir-6131	0
hsa-mir-6132	0
hsa-mir-6133	0
hsa-mir-6134	0
hsa-mir-614	0
hsa-mir-615	0
hsa-mir-616	0.479797592
hsa-mir-6165	0
hsa-mir-617	0
hsa-mir-618	0.479797592
hsa-mir-619	0
hsa-mir-620	0
hsa-mir-621	0
hsa-mir-622	0
hsa-mir-623	0
hsa-mir-624	1.366360266
hsa-mir-625	8.051738352
hsa-mir-626	0
hsa-mir-627	1.126738333
hsa-mir-628	3.275016288
hsa-mir-629	6.469067392
hsa-mir-630	0
hsa-mir-631	0
hsa-mir-632	0.839231609
hsa-mir-633	0
hsa-mir-634	0
hsa-mir-635	0
hsa-mir-636	0
hsa-mir-637	0
hsa-mir-638	0
hsa-mir-639	0
hsa-mir-640	0
hsa-mir-641	0
hsa-mir-642a	1.126738333
hsa-mir-642b	0
hsa-mir-643	0
hsa-mir-644a	0
hsa-mir-645	0
hsa-mir-646	0
hsa-mir-647	0
hsa-mir-648	0
hsa-mir-649	0
hsa-mir-6499	0
hsa-mir-650	0
hsa-mir-6500	0
hsa-mir-6501	0
hsa-mir-6502	0
hsa-mir-6503	0
hsa-mir-6504	0
hsa-mir-6505	0
hsa-mir-6506	0
hsa-mir-6507	0.479797592
hsa-mir-6508	0
hsa-mir-6509	0.479797592
hsa-mir-651	1.571793774
hsa-mir-6510	2.416848117
hsa-mir-6511a-1	0
hsa-mir-6511a-2	0
hsa-mir-6511a-3	0
hsa-mir-6511a-4	0
hsa-mir-6511b-1	0.479797592
hsa-mir-6511b-2	0.839231609
hsa-mir-6512	0
hsa-mir-6513	0
hsa-mir-6514	0
hsa-mir-6515	0
hsa-mir-6516	1.126738333
hsa-mir-652	5.29539919
hsa-mir-653	2.790401726
hsa-mir-654	2.705685132
hsa-mir-655	0.839231609
hsa-mir-656	0
hsa-mir-657	0
hsa-mir-658	0.479797592
hsa-mir-659	1.571793774
hsa-mir-660	6.232182555
hsa-mir-661	0
hsa-mir-662	0
hsa-mir-663a	0
hsa-mir-663b	0
hsa-mir-664a	5.966927208
hsa-mir-664b	3.542605245
hsa-mir-665	0.839231609
hsa-mir-668	0
hsa-mir-670	0
hsa-mir-671	2.519687576
hsa-mir-6715a	0.479797592
hsa-mir-6715b	0
hsa-mir-6716	1.126738333
hsa-mir-6717	0
hsa-mir-6718	3.086854744
hsa-mir-6719	0
hsa-mir-6720	1.751587975
hsa-mir-6721	0
hsa-mir-6722	0
hsa-mir-6723	0
hsa-mir-6724-1	0
hsa-mir-6724-2	0
hsa-mir-6724-3	0
hsa-mir-6724-4	0
hsa-mir-6726	0
hsa-mir-6727	0
hsa-mir-6728	0
hsa-mir-6729	0
hsa-mir-6730	0
hsa-mir-6731	0
hsa-mir-6732	0
hsa-mir-6733	0.479797592
hsa-mir-6734	0.479797592
hsa-mir-6735	0
hsa-mir-6736	0
hsa-mir-6737	0.479797592
hsa-mir-6738	0
hsa-mir-6739	0
hsa-mir-6740	0
hsa-mir-6741	0
hsa-mir-6742	0
hsa-mir-6743	0
hsa-mir-6744	0
hsa-mir-6745	0
hsa-mir-6746	0
hsa-mir-6747	0
hsa-mir-6748	0.839231609
hsa-mir-6749	0.479797592
hsa-mir-675	0.839231609
hsa-mir-6750	0
hsa-mir-6751	0
hsa-mir-6752	0
hsa-mir-6753	0
hsa-mir-6754	0
hsa-mir-6755	1.366360266
hsa-mir-6756	0
hsa-mir-6757	0
hsa-mir-6758	0
hsa-mir-6759	0
hsa-mir-676	0.479797592
hsa-mir-6760	0
hsa-mir-6761	1.751587975
hsa-mir-6762	0
hsa-mir-6763	0
hsa-mir-6764	0
hsa-mir-6765	0.479797592
hsa-mir-6766	0
hsa-mir-6767	0
hsa-mir-6768	0
hsa-mir-6769a	0
hsa-mir-6769b	0
hsa-mir-6770-1	0
hsa-mir-6770-2	0
hsa-mir-6770-3	0
hsa-mir-6771	0
hsa-mir-6772	0
hsa-mir-6773	0.479797592
hsa-mir-6774	0
hsa-mir-6775	0
hsa-mir-6776	0
hsa-mir-6777	0.839231609
hsa-mir-6778	0
hsa-mir-6779	0
hsa-mir-6780a	0
hsa-mir-6780b	0
hsa-mir-6781	0
hsa-mir-6782	0
hsa-mir-6783	0
hsa-mir-6784	0
hsa-mir-6785	0
hsa-mir-6786	0
hsa-mir-6787	0
hsa-mir-6788	0
hsa-mir-6789	0
hsa-mir-6790	0
hsa-mir-6791	0
hsa-mir-6792	0
hsa-mir-6793	0.839231609
hsa-mir-6794	0
hsa-mir-6795	0
hsa-mir-6796	0
hsa-mir-6797	0
hsa-mir-6798	1.126738333
hsa-mir-6799	0
hsa-mir-6800	0
hsa-mir-6801	0
hsa-mir-6802	0.479797592
hsa-mir-6803	0
hsa-mir-6804	0
hsa-mir-6805	0
hsa-mir-6806	1.366360266
hsa-mir-6807	0
hsa-mir-6808	0
hsa-mir-6809	0
hsa-mir-6810	0
hsa-mir-6811	0
hsa-mir-6812	0
hsa-mir-6813	0
hsa-mir-6814	0
hsa-mir-6815	0.479797592
hsa-mir-6816	0
hsa-mir-6817	0
hsa-mir-6818	0
hsa-mir-6819	0
hsa-mir-6820	0
hsa-mir-6821	0
hsa-mir-6822	0
hsa-mir-6823	0
hsa-mir-6824	0
hsa-mir-6825	0
hsa-mir-6826	0
hsa-mir-6827	0
hsa-mir-6828	0
hsa-mir-6829	0
hsa-mir-6830	0
hsa-mir-6831	0
hsa-mir-6832	0
hsa-mir-6833	0
hsa-mir-6834	0
hsa-mir-6835	0
hsa-mir-6836	0
hsa-mir-6837	0
hsa-mir-6838	0
hsa-mir-6839	0
hsa-mir-6840	0
hsa-mir-6841	0
hsa-mir-6842	1.751587975
hsa-mir-6843	0
hsa-mir-6844	0
hsa-mir-6845	0
hsa-mir-6846	0
hsa-mir-6847	0
hsa-mir-6848	0
hsa-mir-6849	0
hsa-mir-6850	0
hsa-mir-6851	0
hsa-mir-6852	0
hsa-mir-6853	0
hsa-mir-6854	0.479797592
hsa-mir-6855	0
hsa-mir-6856	0
hsa-mir-6857	0
hsa-mir-6858	0
hsa-mir-6859-1	0
hsa-mir-6859-2	0
hsa-mir-6859-3	0
hsa-mir-6859-4	0
hsa-mir-6860	0
hsa-mir-6861	0
hsa-mir-6862-1	0
hsa-mir-6862-2	0
hsa-mir-6863	0
hsa-mir-6864	0
hsa-mir-6865	0
hsa-mir-6866	0
hsa-mir-6867	0
hsa-mir-6868	0.839231609
hsa-mir-6869	0
hsa-mir-6870	0
hsa-mir-6871	0
hsa-mir-6872	0
hsa-mir-6873	0
hsa-mir-6874	0
hsa-mir-6875	0
hsa-mir-6876	0
hsa-mir-6877	1.126738333
hsa-mir-6878	0
hsa-mir-6879	0.479797592
hsa-mir-6880	0
hsa-mir-6881	0
hsa-mir-6882	0
hsa-mir-6883	0
hsa-mir-6884	0
hsa-mir-6885	0
hsa-mir-6886	0
hsa-mir-6887	0
hsa-mir-6888	0
hsa-mir-6889	0
hsa-mir-6890	0
hsa-mir-6891	0
hsa-mir-6892	0.839231609
hsa-mir-6893	0
hsa-mir-6894	0
hsa-mir-6895	0.479797592
hsa-mir-7-1	4.229178204
hsa-mir-7-2	1.126738333
hsa-mir-7-3	0
hsa-mir-708	5.708498425
hsa-mir-7106	0
hsa-mir-7107	0
hsa-mir-7108	0
hsa-mir-7109	0.479797592
hsa-mir-711	0
hsa-mir-7110	0
hsa-mir-7111	0
hsa-mir-7112	0
hsa-mir-7113	0
hsa-mir-7114	0
hsa-mir-7150	0
hsa-mir-7151	0
hsa-mir-7152	0
hsa-mir-7153	0
hsa-mir-7154	0
hsa-mir-7155	0
hsa-mir-7156	0
hsa-mir-7157	0
hsa-mir-7158	0
hsa-mir-7159	0
hsa-mir-7160	0
hsa-mir-7161	0
hsa-mir-7162	0
hsa-mir-718	0
hsa-mir-744	5.853370793
hsa-mir-7515	0
hsa-mir-758	2.186162981
hsa-mir-759	0
hsa-mir-760	0.839231609
hsa-mir-761	0
hsa-mir-762	0
hsa-mir-764	0
hsa-mir-7641-1	0
hsa-mir-7641-2	0
hsa-mir-765	0
hsa-mir-766	3.086854744
hsa-mir-767	0
hsa-mir-769	4.777931735
hsa-mir-770	0
hsa-mir-7702	1.366360266
hsa-mir-7703	0
hsa-mir-7704	0
hsa-mir-7705	0.839231609
hsa-mir-7706	1.751587975
hsa-mir-7843	0
hsa-mir-7844	0
hsa-mir-7845	0.479797592
hsa-mir-7846	0.839231609
hsa-mir-7847	0
hsa-mir-7848	0
hsa-mir-7849	0
hsa-mir-7850	0
hsa-mir-7851	0
hsa-mir-7852	0
hsa-mir-7853	0
hsa-mir-7854	0
hsa-mir-7855	0
hsa-mir-7856	0
hsa-mir-7973-1	0
hsa-mir-7973-2	0
hsa-mir-7974	0
hsa-mir-7975	0
hsa-mir-7976	0.479797592
hsa-mir-7977	0
hsa-mir-7978	0
hsa-mir-802	0
hsa-mir-8052	0
hsa-mir-8053	0
hsa-mir-8054	0
hsa-mir-8055	0
hsa-mir-8056	0
hsa-mir-8057	0
hsa-mir-8058	0
hsa-mir-8059	0
hsa-mir-8060	0
hsa-mir-8061	0
hsa-mir-8062	0
hsa-mir-8063	0
hsa-mir-8064	0
hsa-mir-8065	0
hsa-mir-8066	0
hsa-mir-8067	0
hsa-mir-8068	0
hsa-mir-8069-1	0
hsa-mir-8069-2	0
hsa-mir-8070	0
hsa-mir-8071-1	0
hsa-mir-8071-2	0
hsa-mir-8072	0
hsa-mir-8073	0
hsa-mir-8074	0
hsa-mir-8075	0
hsa-mir-8076	0
hsa-mir-8077	0
hsa-mir-8078	0
hsa-mir-8079	0
hsa-mir-8080	0
hsa-mir-8081	0
hsa-mir-8082	0
hsa-mir-8083	0
hsa-mir-8084	0
hsa-mir-8085	0
hsa-mir-8086	0
hsa-mir-8087	0
hsa-mir-8088	0
hsa-mir-8089	0
hsa-mir-8485	0
hsa-mir-873	0
hsa-mir-874	2.790401726
hsa-mir-875	0
hsa-mir-876	0
hsa-mir-877	0.479797592
hsa-mir-885	0.479797592
hsa-mir-887	1.126738333
hsa-mir-888	0
hsa-mir-889	2.306111429
hsa-mir-890	0
hsa-mir-891a	2.790401726
hsa-mir-891b	0
hsa-mir-892a	0
hsa-mir-892b	0
hsa-mir-892c	0.479797592
hsa-mir-9-1	5.338240019
hsa-mir-9-2	4.916312923
hsa-mir-9-3	5.025199949
hsa-mir-920	0
hsa-mir-921	0
hsa-mir-922	0
hsa-mir-924	0
hsa-mir-92a-1	13.64480626
hsa-mir-92a-2	13.51039041
hsa-mir-92b	8.597169021
hsa-mir-93	12.00014484
hsa-mir-933	0
hsa-mir-934	1.366360266
hsa-mir-935	0
hsa-mir-936	0
hsa-mir-937	2.306111429
hsa-mir-938	0
hsa-mir-939	1.571793774
hsa-mir-940	0.839231609
hsa-mir-941-1	0
hsa-mir-941-2	0
hsa-mir-941-3	0
hsa-mir-941-4	0
hsa-mir-941-5	0
hsa-mir-942	2.186162981
hsa-mir-943	0.479797592
hsa-mir-944	0.479797592
hsa-mir-95	2.705685132
hsa-mir-9500	0
hsa-mir-96	4.577960548
hsa-mir-98	6.162374087
hsa-mir-99a	8.089843566
hsa-mir-99b	14.01783582