Modality,Cancer_Type_Pair,Inter_Cluster_Distance
clinical,TCGA-BLCA_TCGA-BRCA,41.435642
clinical,TCGA-BLCA_TCGA-CESC,17.623241
clinical,TCGA-BLCA_TCGA-COAD,45.90473
clinical,TCGA-BLCA_TCGA-ESCA,40.22262
clinical,TCGA-BLCA_TCGA-KICH,69.66203
clinical,TCGA-BLCA_TCGA-KIRC,41.075672
clinical,TCGA-BLCA_TCGA-KIRP,52.504375
clinical,TCGA-BLCA_TCGA-LIHC,45.428837
clinical,TCGA-BLCA_TCGA-LUAD,44.587273
clinical,TCGA-BLCA_TCGA-LUSC,45.419308
clinical,TCGA-BLCA_TCGA-OV,29.707142
clinical,TCGA-BLCA_TCGA-PRAD,56.177357
clinical,TCGA-BLCA_TCGA-READ,55.914055
clinical,TCGA-BLCA_TCGA-SARC,31.961262
clinical,TCGA-BLCA_TCGA-STAD,48.63852
clinical,TCGA-BLCA_TCGA-THCA,45.929577
clinical,TCGA-BLCA_TCGA-UCEC,28.007685
clinical,TCGA-BRCA_TCGA-CESC,27.872208
clinical,TCGA-BRCA_TCGA-COAD,19.680035
clinical,TCGA-BRCA_TCGA-ESCA,35.300568
clinical,TCGA-BRCA_TCGA-KICH,50.112858
clinical,TCGA-BRCA_TCGA-KIRC,34.688522
clinical,TCGA-BRCA_TCGA-KIRP,35.3159
clinical,TCGA-BRCA_TCGA-LIHC,30.129335
clinical,TCGA-BRCA_TCGA-LUAD,29.461023
clinical,TCGA-BRCA_TCGA-LUSC,32.547806
clinical,TCGA-BRCA_TCGA-OV,37.352974
clinical,TCGA-BRCA_TCGA-PRAD,43.142635
clinical,TCGA-BRCA_TCGA-READ,27.929495
clinical,TCGA-BRCA_TCGA-SARC,32.229958
clinical,TCGA-BRCA_TCGA-STAD,28.052477
clinical,TCGA-BRCA_TCGA-THCA,64.57659
clinical,TCGA-BRCA_TCGA-UCEC,24.433197
clinical,TCGA-CESC_TCGA-COAD,33.49226
clinical,TCGA-CESC_TCGA-ESCA,33.55935
clinical,TCGA-CESC_TCGA-KICH,61.28208
clinical,TCGA-CESC_TCGA-KIRC,34.8718
clinical,TCGA-CESC_TCGA-KIRP,43.778423
clinical,TCGA-CESC_TCGA-LIHC,36.337696
clinical,TCGA-CESC_TCGA-LUAD,32.87913
clinical,TCGA-CESC_TCGA-LUSC,37.903545
clinical,TCGA-CESC_TCGA-OV,26.810568
clinical,TCGA-CESC_TCGA-PRAD,48.049564
clinical,TCGA-CESC_TCGA-READ,44.652416
clinical,TCGA-CESC_TCGA-SARC,23.425104
clinical,TCGA-CESC_TCGA-STAD,38.563133
clinical,TCGA-CESC_TCGA-THCA,50.923046
clinical,TCGA-CESC_TCGA-UCEC,17.490467
clinical,TCGA-COAD_TCGA-ESCA,35.985447
clinical,TCGA-COAD_TCGA-KICH,50.724483
clinical,TCGA-COAD_TCGA-KIRC,33.186447
clinical,TCGA-COAD_TCGA-KIRP,33.18611
clinical,TCGA-COAD_TCGA-LIHC,24.969065
clinical,TCGA-COAD_TCGA-LUAD,32.691864
clinical,TCGA-COAD_TCGA-LUSC,30.991627
clinical,TCGA-COAD_TCGA-OV,39.150032
clinical,TCGA-COAD_TCGA-PRAD,43.998703
clinical,TCGA-COAD_TCGA-READ,28.748568
clinical,TCGA-COAD_TCGA-SARC,28.229332
clinical,TCGA-COAD_TCGA-STAD,25.770823
clinical,TCGA-COAD_TCGA-THCA,67.5566
clinical,TCGA-COAD_TCGA-UCEC,27.693174
clinical,TCGA-ESCA_TCGA-KICH,57.83909
clinical,TCGA-ESCA_TCGA-KIRC,23.716887
clinical,TCGA-ESCA_TCGA-KIRP,29.07762
clinical,TCGA-ESCA_TCGA-LIHC,40.330906
clinical,TCGA-ESCA_TCGA-LUAD,34.268246
clinical,TCGA-ESCA_TCGA-LUSC,20.273523
clinical,TCGA-ESCA_TCGA-OV,24.318094
clinical,TCGA-ESCA_TCGA-PRAD,54.378735
clinical,TCGA-ESCA_TCGA-READ,39.929325
clinical,TCGA-ESCA_TCGA-SARC,37.80481
clinical,TCGA-ESCA_TCGA-STAD,27.25755
clinical,TCGA-ESCA_TCGA-THCA,56.381428
clinical,TCGA-ESCA_TCGA-UCEC,28.503756
clinical,TCGA-KICH_TCGA-KIRC,63.89475
clinical,TCGA-KICH_TCGA-KIRP,56.876633
clinical,TCGA-KICH_TCGA-LIHC,53.42531
clinical,TCGA-KICH_TCGA-LUAD,48.860836
clinical,TCGA-KICH_TCGA-LUSC,53.30382
clinical,TCGA-KICH_TCGA-OV,68.4247
clinical,TCGA-KICH_TCGA-PRAD,45.534813
clinical,TCGA-KICH_TCGA-READ,38.841656
clinical,TCGA-KICH_TCGA-SARC,64.21669
clinical,TCGA-KICH_TCGA-STAD,54.461365
clinical,TCGA-KICH_TCGA-THCA,94.13036
clinical,TCGA-KICH_TCGA-UCEC,52.77603
clinical,TCGA-KIRC_TCGA-KIRP,19.504475
clinical,TCGA-KIRC_TCGA-LIHC,37.00259
clinical,TCGA-KIRC_TCGA-LUAD,39.28248
clinical,TCGA-KIRC_TCGA-LUSC,23.192993
clinical,TCGA-KIRC_TCGA-OV,24.54391
clinical,TCGA-KIRC_TCGA-PRAD,54.994434
clinical,TCGA-KIRC_TCGA-READ,43.11922
clinical,TCGA-KIRC_TCGA-SARC,35.55367
clinical,TCGA-KIRC_TCGA-STAD,21.939377
clinical,TCGA-KIRC_TCGA-THCA,53.355915
clinical,TCGA-KIRC_TCGA-UCEC,32.338753
clinical,TCGA-KIRP_TCGA-LIHC,37.644207
clinical,TCGA-KIRP_TCGA-LUAD,37.38594
clinical,TCGA-KIRP_TCGA-LUSC,24.28951
clinical,TCGA-KIRP_TCGA-OV,39.35561
clinical,TCGA-KIRP_TCGA-PRAD,54.16596
clinical,TCGA-KIRP_TCGA-READ,35.102318
clinical,TCGA-KIRP_TCGA-SARC,44.786465
clinical,TCGA-KIRP_TCGA-STAD,21.877848
clinical,TCGA-KIRP_TCGA-THCA,67.860405
clinical,TCGA-KIRP_TCGA-UCEC,36.86079
clinical,TCGA-LIHC_TCGA-LUAD,38.02722
clinical,TCGA-LIHC_TCGA-LUSC,35.447994
clinical,TCGA-LIHC_TCGA-OV,43.056927
clinical,TCGA-LIHC_TCGA-PRAD,39.969074
clinical,TCGA-LIHC_TCGA-READ,35.77883
clinical,TCGA-LIHC_TCGA-SARC,36.64614
clinical,TCGA-LIHC_TCGA-STAD,31.965748
clinical,TCGA-LIHC_TCGA-THCA,69.90918
clinical,TCGA-LIHC_TCGA-UCEC,32.041504
clinical,TCGA-LUAD_TCGA-LUSC,30.528416
clinical,TCGA-LUAD_TCGA-OV,43.975555
clinical,TCGA-LUAD_TCGA-PRAD,49.812603
clinical,TCGA-LUAD_TCGA-READ,24.913181
clinical,TCGA-LUAD_TCGA-SARC,41.63896
clinical,TCGA-LUAD_TCGA-STAD,37.825832
clinical,TCGA-LUAD_TCGA-THCA,73.45717
clinical,TCGA-LUAD_TCGA-UCEC,21.372322
clinical,TCGA-LUSC_TCGA-OV,32.306244
clinical,TCGA-LUSC_TCGA-PRAD,53.009674
clinical,TCGA-LUSC_TCGA-READ,30.338015
clinical,TCGA-LUSC_TCGA-SARC,42.19169
clinical,TCGA-LUSC_TCGA-STAD,21.275188
clinical,TCGA-LUSC_TCGA-THCA,65.184586
clinical,TCGA-LUSC_TCGA-UCEC,28.48187
clinical,TCGA-OV_TCGA-PRAD,55.684456
clinical,TCGA-OV_TCGA-READ,51.88206
clinical,TCGA-OV_TCGA-SARC,28.695024
clinical,TCGA-OV_TCGA-STAD,32.557583
clinical,TCGA-OV_TCGA-THCA,38.282562
clinical,TCGA-OV_TCGA-UCEC,32.629906
clinical,TCGA-PRAD_TCGA-READ,49.284443
clinical,TCGA-PRAD_TCGA-SARC,48.60662
clinical,TCGA-PRAD_TCGA-STAD,48.817135
clinical,TCGA-PRAD_TCGA-THCA,78.908615
clinical,TCGA-PRAD_TCGA-UCEC,46.946934
clinical,TCGA-READ_TCGA-SARC,49.108055
clinical,TCGA-READ_TCGA-STAD,34.730206
clinical,TCGA-READ_TCGA-THCA,81.05743
clinical,TCGA-READ_TCGA-UCEC,32.57473
clinical,TCGA-SARC_TCGA-STAD,37.539402
clinical,TCGA-SARC_TCGA-THCA,49.90389
clinical,TCGA-SARC_TCGA-UCEC,29.797567
clinical,TCGA-STAD_TCGA-THCA,62.99337
clinical,TCGA-STAD_TCGA-UCEC,33.787617
clinical,TCGA-THCA_TCGA-UCEC,61.928055
molecular,TCGA-BLCA_TCGA-BRCA,9.764162
molecular,TCGA-BLCA_TCGA-CESC,18.059303
molecular,TCGA-BLCA_TCGA-COAD,4.5926657
molecular,TCGA-BLCA_TCGA-ESCA,13.298898
molecular,TCGA-BLCA_TCGA-KICH,6.8623886
molecular,TCGA-BLCA_TCGA-KIRC,14.626456
molecular,TCGA-BLCA_TCGA-KIRP,8.1097975
molecular,TCGA-BLCA_TCGA-LIHC,2.2766283
molecular,TCGA-BLCA_TCGA-LUAD,1.7826397
molecular,TCGA-BLCA_TCGA-LUSC,11.441868
molecular,TCGA-BLCA_TCGA-OV,3.180302
molecular,TCGA-BLCA_TCGA-PRAD,11.638861
molecular,TCGA-BLCA_TCGA-READ,5.4830904
molecular,TCGA-BLCA_TCGA-SARC,5.5895295
molecular,TCGA-BLCA_TCGA-STAD,2.6090577
molecular,TCGA-BLCA_TCGA-THCA,9.62881
molecular,TCGA-BLCA_TCGA-UCEC,16.273228
molecular,TCGA-BRCA_TCGA-CESC,10.267661
molecular,TCGA-BRCA_TCGA-COAD,5.38737
molecular,TCGA-BRCA_TCGA-ESCA,4.259324
molecular,TCGA-BRCA_TCGA-KICH,3.412798
molecular,TCGA-BRCA_TCGA-KIRC,5.8933973
molecular,TCGA-BRCA_TCGA-KIRP,1.8938779
molecular,TCGA-BRCA_TCGA-LIHC,11.999103
molecular,TCGA-BRCA_TCGA-LUAD,8.183622
molecular,TCGA-BRCA_TCGA-LUSC,12.741793
molecular,TCGA-BRCA_TCGA-OV,6.704066
molecular,TCGA-BRCA_TCGA-PRAD,2.450765
molecular,TCGA-BRCA_TCGA-READ,15.142122
molecular,TCGA-BRCA_TCGA-SARC,4.369208
molecular,TCGA-BRCA_TCGA-STAD,7.703855
molecular,TCGA-BRCA_TCGA-THCA,1.8676268
molecular,TCGA-BRCA_TCGA-UCEC,8.028484
molecular,TCGA-CESC_TCGA-COAD,14.4302025
molecular,TCGA-CESC_TCGA-ESCA,6.386285
molecular,TCGA-CESC_TCGA-KICH,12.711934
molecular,TCGA-CESC_TCGA-KIRC,4.64245
molecular,TCGA-CESC_TCGA-KIRP,11.68888
molecular,TCGA-CESC_TCGA-LIHC,19.966389
molecular,TCGA-CESC_TCGA-LUAD,16.711327
molecular,TCGA-CESC_TCGA-LUSC,18.161053
molecular,TCGA-CESC_TCGA-OV,15.537946
molecular,TCGA-CESC_TCGA-PRAD,8.366075
molecular,TCGA-CESC_TCGA-READ,22.733837
molecular,TCGA-CESC_TCGA-SARC,13.701211
molecular,TCGA-CESC_TCGA-STAD,16.234932
molecular,TCGA-CESC_TCGA-THCA,10.461626
molecular,TCGA-CESC_TCGA-UCEC,2.3924832
molecular,TCGA-COAD_TCGA-ESCA,9.093586
molecular,TCGA-COAD_TCGA-KICH,2.332664
molecular,TCGA-COAD_TCGA-KIRC,10.569234
molecular,TCGA-COAD_TCGA-KIRP,3.7227392
molecular,TCGA-COAD_TCGA-LIHC,6.8541713
molecular,TCGA-COAD_TCGA-LUAD,3.042273
molecular,TCGA-COAD_TCGA-LUSC,10.737786
molecular,TCGA-COAD_TCGA-OV,1.6956737
molecular,TCGA-COAD_TCGA-PRAD,7.302813
molecular,TCGA-COAD_TCGA-READ,10.026864
molecular,TCGA-COAD_TCGA-SARC,1.6403742
molecular,TCGA-COAD_TCGA-STAD,2.3925676
molecular,TCGA-COAD_TCGA-THCA,5.150154
molecular,TCGA-COAD_TCGA-UCEC,12.442059
molecular,TCGA-ESCA_TCGA-KICH,7.035328
molecular,TCGA-ESCA_TCGA-KIRC,1.7681973
molecular,TCGA-ESCA_TCGA-KIRP,5.780402
molecular,TCGA-ESCA_TCGA-LIHC,15.445921
molecular,TCGA-ESCA_TCGA-LUAD,11.730469
molecular,TCGA-ESCA_TCGA-LUSC,14.0292225
molecular,TCGA-ESCA_TCGA-OV,10.358859
molecular,TCGA-ESCA_TCGA-PRAD,2.067299
molecular,TCGA-ESCA_TCGA-READ,18.50752
molecular,TCGA-ESCA_TCGA-SARC,8.171874
molecular,TCGA-ESCA_TCGA-STAD,11.258668
molecular,TCGA-ESCA_TCGA-THCA,4.4201875
molecular,TCGA-ESCA_TCGA-UCEC,4.0278378
molecular,TCGA-KICH_TCGA-KIRC,8.603459
molecular,TCGA-KICH_TCGA-KIRP,1.7995656
molecular,TCGA-KICH_TCGA-LIHC,9.119871
molecular,TCGA-KICH_TCGA-LUAD,5.2117596
molecular,TCGA-KICH_TCGA-LUSC,10.578082
molecular,TCGA-KICH_TCGA-OV,3.8070025
molecular,TCGA-KICH_TCGA-PRAD,5.145968
molecular,TCGA-KICH_TCGA-READ,12.300926
molecular,TCGA-KICH_TCGA-SARC,1.8882548
molecular,TCGA-KICH_TCGA-STAD,4.620841
molecular,TCGA-KICH_TCGA-THCA,2.8682523
molecular,TCGA-KICH_TCGA-UCEC,10.60606
molecular,TCGA-KIRC_TCGA-KIRP,7.4140205
molecular,TCGA-KIRC_TCGA-LIHC,16.715666
molecular,TCGA-KIRC_TCGA-LUAD,13.115008
molecular,TCGA-KIRC_TCGA-LUSC,15.113382
molecular,TCGA-KIRC_TCGA-OV,11.794243
molecular,TCGA-KIRC_TCGA-PRAD,3.8106937
molecular,TCGA-KIRC_TCGA-READ,19.707468
molecular,TCGA-KIRC_TCGA-SARC,9.6982155
molecular,TCGA-KIRC_TCGA-STAD,12.637553
molecular,TCGA-KIRC_TCGA-THCA,6.0886784
molecular,TCGA-KIRC_TCGA-UCEC,2.280093
molecular,TCGA-KIRP_TCGA-LIHC,10.359752
molecular,TCGA-KIRP_TCGA-LUAD,6.4608245
molecular,TCGA-KIRP_TCGA-LUSC,11.408231
molecular,TCGA-KIRP_TCGA-OV,4.973951
molecular,TCGA-KIRP_TCGA-PRAD,3.8425925
molecular,TCGA-KIRP_TCGA-READ,13.542588
molecular,TCGA-KIRP_TCGA-SARC,2.6014543
molecular,TCGA-KIRP_TCGA-STAD,6.0977063
molecular,TCGA-KIRP_TCGA-THCA,2.0351334
molecular,TCGA-KIRP_TCGA-UCEC,9.486414
molecular,TCGA-LIHC_TCGA-LUAD,3.9934735
molecular,TCGA-LIHC_TCGA-LUSC,12.418075
molecular,TCGA-LIHC_TCGA-OV,5.4357567
molecular,TCGA-LIHC_TCGA-PRAD,13.839511
molecular,TCGA-LIHC_TCGA-READ,3.2217908
molecular,TCGA-LIHC_TCGA-SARC,7.840306
molecular,TCGA-LIHC_TCGA-STAD,4.7403135
molecular,TCGA-LIHC_TCGA-THCA,11.863348
molecular,TCGA-LIHC_TCGA-UCEC,18.271942
molecular,TCGA-LUAD_TCGA-LUSC,10.412311
molecular,TCGA-LUAD_TCGA-OV,1.5145241
molecular,TCGA-LUAD_TCGA-PRAD,10.009378
molecular,TCGA-LUAD_TCGA-READ,7.211698
molecular,TCGA-LUAD_TCGA-SARC,3.9242685
molecular,TCGA-LUAD_TCGA-STAD,1.7030332
molecular,TCGA-LUAD_TCGA-THCA,7.96595
molecular,TCGA-LUAD_TCGA-UCEC,14.837244
molecular,TCGA-LUSC_TCGA-OV,10.482952
molecular,TCGA-LUSC_TCGA-PRAD,12.736063
molecular,TCGA-LUSC_TCGA-READ,14.577249
molecular,TCGA-LUSC_TCGA-SARC,10.665609
molecular,TCGA-LUSC_TCGA-STAD,10.9496765
molecular,TCGA-LUSC_TCGA-THCA,11.312116
molecular,TCGA-LUSC_TCGA-UCEC,16.477745
molecular,TCGA-OV_TCGA-PRAD,8.594775
molecular,TCGA-OV_TCGA-READ,8.648589
molecular,TCGA-OV_TCGA-SARC,2.4324224
molecular,TCGA-OV_TCGA-STAD,1.8567336
molecular,TCGA-OV_TCGA-THCA,6.5563097
molecular,TCGA-OV_TCGA-UCEC,13.590581
molecular,TCGA-PRAD_TCGA-READ,16.968061
molecular,TCGA-PRAD_TCGA-SARC,6.322954
molecular,TCGA-PRAD_TCGA-STAD,9.559711
molecular,TCGA-PRAD_TCGA-THCA,2.4662042
molecular,TCGA-PRAD_TCGA-UCEC,6.0347466
molecular,TCGA-READ_TCGA-SARC,11.043434
molecular,TCGA-READ_TCGA-STAD,7.8281817
molecular,TCGA-READ_TCGA-THCA,15.02678
molecular,TCGA-READ_TCGA-UCEC,21.159164
molecular,TCGA-SARC_TCGA-STAD,3.8304975
molecular,TCGA-SARC_TCGA-THCA,4.357206
molecular,TCGA-SARC_TCGA-UCEC,11.622971
molecular,TCGA-STAD_TCGA-THCA,7.414109
molecular,TCGA-STAD_TCGA-UCEC,14.384546
molecular,TCGA-THCA_TCGA-UCEC,8.228699
pathology,TCGA-BLCA_TCGA-BRCA,63.18762
pathology,TCGA-BLCA_TCGA-CESC,33.346004
pathology,TCGA-BLCA_TCGA-COAD,13.3005705
pathology,TCGA-BLCA_TCGA-ESCA,19.428358
pathology,TCGA-BLCA_TCGA-KICH,330.5683
pathology,TCGA-BLCA_TCGA-KIRC,26.88411
pathology,TCGA-BLCA_TCGA-KIRP,19.514734
pathology,TCGA-BLCA_TCGA-LIHC,171.86703
pathology,TCGA-BLCA_TCGA-LUAD,14.361458
pathology,TCGA-BLCA_TCGA-LUSC,17.873102
pathology,TCGA-BLCA_TCGA-OV,29.41021
pathology,TCGA-BLCA_TCGA-PRAD,28.519896
pathology,TCGA-BLCA_TCGA-READ,43.075974
pathology,TCGA-BLCA_TCGA-SARC,20.679022
pathology,TCGA-BLCA_TCGA-STAD,23.42727
pathology,TCGA-BLCA_TCGA-THCA,15.602919
pathology,TCGA-BLCA_TCGA-UCEC,27.65993
pathology,TCGA-BRCA_TCGA-CESC,38.181747
pathology,TCGA-BRCA_TCGA-COAD,60.19165
pathology,TCGA-BRCA_TCGA-ESCA,65.117386
pathology,TCGA-BRCA_TCGA-KICH,320.39975
pathology,TCGA-BRCA_TCGA-KIRC,57.225418
pathology,TCGA-BRCA_TCGA-KIRP,67.07285
pathology,TCGA-BRCA_TCGA-LIHC,186.75455
pathology,TCGA-BRCA_TCGA-LUAD,63.284683
pathology,TCGA-BRCA_TCGA-LUSC,56.257133
pathology,TCGA-BRCA_TCGA-OV,62.242054
pathology,TCGA-BRCA_TCGA-PRAD,62.40319
pathology,TCGA-BRCA_TCGA-READ,79.872925
pathology,TCGA-BRCA_TCGA-SARC,65.48574
pathology,TCGA-BRCA_TCGA-STAD,58.66096
pathology,TCGA-BRCA_TCGA-THCA,56.24741
pathology,TCGA-BRCA_TCGA-UCEC,51.93888
pathology,TCGA-CESC_TCGA-COAD,30.777039
pathology,TCGA-CESC_TCGA-ESCA,39.635567
pathology,TCGA-CESC_TCGA-KICH,327.52942
pathology,TCGA-CESC_TCGA-KIRC,33.88581
pathology,TCGA-CESC_TCGA-KIRP,41.78573
pathology,TCGA-CESC_TCGA-LIHC,179.04936
pathology,TCGA-CESC_TCGA-LUAD,34.09251
pathology,TCGA-CESC_TCGA-LUSC,28.028172
pathology,TCGA-CESC_TCGA-OV,38.82414
pathology,TCGA-CESC_TCGA-PRAD,32.005856
pathology,TCGA-CESC_TCGA-READ,60.486057
pathology,TCGA-CESC_TCGA-SARC,41.217262
pathology,TCGA-CESC_TCGA-STAD,25.710724
pathology,TCGA-CESC_TCGA-THCA,22.406328
pathology,TCGA-CESC_TCGA-UCEC,25.702387
pathology,TCGA-COAD_TCGA-ESCA,20.677767
pathology,TCGA-COAD_TCGA-KICH,330.79968
pathology,TCGA-COAD_TCGA-KIRC,20.443483
pathology,TCGA-COAD_TCGA-KIRP,18.306044
pathology,TCGA-COAD_TCGA-LIHC,172.89828
pathology,TCGA-COAD_TCGA-LUAD,16.43197
pathology,TCGA-COAD_TCGA-LUSC,17.729452
pathology,TCGA-COAD_TCGA-OV,26.225225
pathology,TCGA-COAD_TCGA-PRAD,26.224632
pathology,TCGA-COAD_TCGA-READ,45.593746
pathology,TCGA-COAD_TCGA-SARC,20.163252
pathology,TCGA-COAD_TCGA-STAD,23.039944
pathology,TCGA-COAD_TCGA-THCA,15.441366
pathology,TCGA-COAD_TCGA-UCEC,19.735294
pathology,TCGA-ESCA_TCGA-KICH,329.6528
pathology,TCGA-ESCA_TCGA-KIRC,23.092907
pathology,TCGA-ESCA_TCGA-KIRP,19.704624
pathology,TCGA-ESCA_TCGA-LIHC,169.40475
pathology,TCGA-ESCA_TCGA-LUAD,18.968952
pathology,TCGA-ESCA_TCGA-LUSC,18.965715
pathology,TCGA-ESCA_TCGA-OV,30.80249
pathology,TCGA-ESCA_TCGA-PRAD,35.910473
pathology,TCGA-ESCA_TCGA-READ,36.26801
pathology,TCGA-ESCA_TCGA-SARC,16.207563
pathology,TCGA-ESCA_TCGA-STAD,33.055336
pathology,TCGA-ESCA_TCGA-THCA,26.998528
pathology,TCGA-ESCA_TCGA-UCEC,31.802214
pathology,TCGA-KICH_TCGA-KIRC,329.72656
pathology,TCGA-KICH_TCGA-KIRP,329.4393
pathology,TCGA-KICH_TCGA-LIHC,334.3534
pathology,TCGA-KICH_TCGA-LUAD,328.95212
pathology,TCGA-KICH_TCGA-LUSC,329.87207
pathology,TCGA-KICH_TCGA-OV,322.98846
pathology,TCGA-KICH_TCGA-PRAD,332.1414
pathology,TCGA-KICH_TCGA-READ,325.07184
pathology,TCGA-KICH_TCGA-SARC,329.97217
pathology,TCGA-KICH_TCGA-STAD,330.49686
pathology,TCGA-KICH_TCGA-THCA,329.91034
pathology,TCGA-KICH_TCGA-UCEC,326.79733
pathology,TCGA-KIRC_TCGA-KIRP,28.04428
pathology,TCGA-KIRC_TCGA-LIHC,174.44667
pathology,TCGA-KIRC_TCGA-LUAD,28.287167
pathology,TCGA-KIRC_TCGA-LUSC,17.684597
pathology,TCGA-KIRC_TCGA-OV,27.640482
pathology,TCGA-KIRC_TCGA-PRAD,37.51031
pathology,TCGA-KIRC_TCGA-READ,48.202023
pathology,TCGA-KIRC_TCGA-SARC,19.079708
pathology,TCGA-KIRC_TCGA-STAD,35.12338
pathology,TCGA-KIRC_TCGA-THCA,27.6041
pathology,TCGA-KIRC_TCGA-UCEC,24.111225
pathology,TCGA-KIRP_TCGA-LIHC,164.9988
pathology,TCGA-KIRP_TCGA-LUAD,19.677324
pathology,TCGA-KIRP_TCGA-LUSC,27.951258
pathology,TCGA-KIRP_TCGA-OV,29.515074
pathology,TCGA-KIRP_TCGA-PRAD,35.404133
pathology,TCGA-KIRP_TCGA-READ,33.996307
pathology,TCGA-KIRP_TCGA-SARC,18.628733
pathology,TCGA-KIRP_TCGA-STAD,33.050724
pathology,TCGA-KIRP_TCGA-THCA,28.074545
pathology,TCGA-KIRP_TCGA-UCEC,30.665304
pathology,TCGA-LIHC_TCGA-LUAD,171.42099
pathology,TCGA-LIHC_TCGA-LUSC,174.84639
pathology,TCGA-LIHC_TCGA-OV,172.37857
pathology,TCGA-LIHC_TCGA-PRAD,176.0474
pathology,TCGA-LIHC_TCGA-READ,145.44853
pathology,TCGA-LIHC_TCGA-SARC,168.65536
pathology,TCGA-LIHC_TCGA-STAD,176.28001
pathology,TCGA-LIHC_TCGA-THCA,175.53247
pathology,TCGA-LIHC_TCGA-UCEC,175.42311
pathology,TCGA-LUAD_TCGA-LUSC,21.81834
pathology,TCGA-LUAD_TCGA-OV,26.705164
pathology,TCGA-LUAD_TCGA-PRAD,28.156683
pathology,TCGA-LUAD_TCGA-READ,42.885
pathology,TCGA-LUAD_TCGA-SARC,23.800125
pathology,TCGA-LUAD_TCGA-STAD,22.91469
pathology,TCGA-LUAD_TCGA-THCA,17.338657
pathology,TCGA-LUAD_TCGA-UCEC,28.124617
pathology,TCGA-LUSC_TCGA-OV,29.656628
pathology,TCGA-LUSC_TCGA-PRAD,32.220783
pathology,TCGA-LUSC_TCGA-READ,47.711918
pathology,TCGA-LUSC_TCGA-SARC,21.294334
pathology,TCGA-LUSC_TCGA-STAD,27.396437
pathology,TCGA-LUSC_TCGA-THCA,18.539131
pathology,TCGA-LUSC_TCGA-UCEC,24.15535
pathology,TCGA-OV_TCGA-PRAD,38.750896
pathology,TCGA-OV_TCGA-READ,48.347973
pathology,TCGA-OV_TCGA-SARC,27.851126
pathology,TCGA-OV_TCGA-STAD,34.65806
pathology,TCGA-OV_TCGA-THCA,29.365917
pathology,TCGA-OV_TCGA-UCEC,28.532057
pathology,TCGA-PRAD_TCGA-READ,54.722855
pathology,TCGA-PRAD_TCGA-SARC,37.41588
pathology,TCGA-PRAD_TCGA-STAD,17.520594
pathology,TCGA-PRAD_TCGA-THCA,23.42493
pathology,TCGA-PRAD_TCGA-UCEC,31.077238
pathology,TCGA-READ_TCGA-SARC,36.65588
pathology,TCGA-READ_TCGA-STAD,54.081665
pathology,TCGA-READ_TCGA-THCA,51.34044
pathology,TCGA-READ_TCGA-UCEC,52.99145
pathology,TCGA-SARC_TCGA-STAD,36.03704
pathology,TCGA-SARC_TCGA-THCA,29.809656
pathology,TCGA-SARC_TCGA-UCEC,30.914553
pathology,TCGA-STAD_TCGA-THCA,13.908679
pathology,TCGA-STAD_TCGA-UCEC,28.498007
pathology,TCGA-THCA_TCGA-UCEC,22.363976
radiology,TCGA-BLCA_TCGA-BRCA,631.3184
radiology,TCGA-BLCA_TCGA-CESC,601.105
radiology,TCGA-BLCA_TCGA-COAD,101.63048
radiology,TCGA-BLCA_TCGA-ESCA,286.24396
radiology,TCGA-BLCA_TCGA-KICH,225.81644
radiology,TCGA-BLCA_TCGA-KIRC,19.758413
radiology,TCGA-BLCA_TCGA-KIRP,149.4921
radiology,TCGA-BLCA_TCGA-LIHC,308.2084
radiology,TCGA-BLCA_TCGA-LUAD,2.1950526
radiology,TCGA-BLCA_TCGA-LUSC,157.27615
radiology,TCGA-BLCA_TCGA-OV,21.287994
radiology,TCGA-BLCA_TCGA-PRAD,79.7346
radiology,TCGA-BLCA_TCGA-READ,57.483654
radiology,TCGA-BLCA_TCGA-SARC,4.9301357
radiology,TCGA-BLCA_TCGA-STAD,14.911239
radiology,TCGA-BLCA_TCGA-THCA,56.65363
radiology,TCGA-BLCA_TCGA-UCEC,8.610968
radiology,TCGA-BRCA_TCGA-CESC,562.12195
radiology,TCGA-BRCA_TCGA-COAD,532.0516
radiology,TCGA-BRCA_TCGA-ESCA,521.2669
radiology,TCGA-BRCA_TCGA-KICH,408.20312
radiology,TCGA-BRCA_TCGA-KIRC,616.5379
radiology,TCGA-BRCA_TCGA-KIRP,560.03955
radiology,TCGA-BRCA_TCGA-LIHC,328.93518
radiology,TCGA-BRCA_TCGA-LUAD,629.2568
radiology,TCGA-BRCA_TCGA-LUSC,476.14212
radiology,TCGA-BRCA_TCGA-OV,610.56683
radiology,TCGA-BRCA_TCGA-PRAD,552.5451
radiology,TCGA-BRCA_TCGA-READ,591.3146
radiology,TCGA-BRCA_TCGA-SARC,626.8737
radiology,TCGA-BRCA_TCGA-STAD,623.13556
radiology,TCGA-BRCA_TCGA-THCA,574.921
radiology,TCGA-BRCA_TCGA-UCEC,623.32837
radiology,TCGA-CESC_TCGA-COAD,552.5567
radiology,TCGA-CESC_TCGA-ESCA,319.76828
radiology,TCGA-CESC_TCGA-KICH,506.23618
radiology,TCGA-CESC_TCGA-KIRC,589.66516
radiology,TCGA-CESC_TCGA-KIRP,457.32996
radiology,TCGA-CESC_TCGA-LIHC,491.60165
radiology,TCGA-CESC_TCGA-LUAD,599.9748
radiology,TCGA-CESC_TCGA-LUSC,528.3191
radiology,TCGA-CESC_TCGA-OV,588.884
radiology,TCGA-CESC_TCGA-PRAD,559.9567
radiology,TCGA-CESC_TCGA-READ,569.52795
radiology,TCGA-CESC_TCGA-SARC,598.49335
radiology,TCGA-CESC_TCGA-STAD,586.42426
radiology,TCGA-CESC_TCGA-THCA,570.235
radiology,TCGA-CESC_TCGA-UCEC,596.15405
radiology,TCGA-COAD_TCGA-ESCA,246.44016
radiology,TCGA-COAD_TCGA-KICH,125.48718
radiology,TCGA-COAD_TCGA-KIRC,89.40859
radiology,TCGA-COAD_TCGA-KIRP,127.896805
radiology,TCGA-COAD_TCGA-LIHC,207.41061
radiology,TCGA-COAD_TCGA-LUAD,99.67557
radiology,TCGA-COAD_TCGA-LUSC,56.43977
radiology,TCGA-COAD_TCGA-OV,81.86492
radiology,TCGA-COAD_TCGA-PRAD,24.25984
radiology,TCGA-COAD_TCGA-READ,78.935585
radiology,TCGA-COAD_TCGA-SARC,97.52256
radiology,TCGA-COAD_TCGA-STAD,94.76258
radiology,TCGA-COAD_TCGA-THCA,46.948875
radiology,TCGA-COAD_TCGA-UCEC,94.16414
radiology,TCGA-ESCA_TCGA-KICH,243.82198
radiology,TCGA-ESCA_TCGA-KIRC,276.06384
radiology,TCGA-ESCA_TCGA-KIRP,138.81497
radiology,TCGA-ESCA_TCGA-LIHC,274.5793
radiology,TCGA-ESCA_TCGA-LUAD,285.164
radiology,TCGA-ESCA_TCGA-LUSC,236.64615
radiology,TCGA-ESCA_TCGA-OV,274.64334
radiology,TCGA-ESCA_TCGA-PRAD,250.56348
radiology,TCGA-ESCA_TCGA-READ,260.04666
radiology,TCGA-ESCA_TCGA-SARC,283.8092
radiology,TCGA-ESCA_TCGA-STAD,271.40097
radiology,TCGA-ESCA_TCGA-THCA,258.2066
radiology,TCGA-ESCA_TCGA-UCEC,281.52682
radiology,TCGA-KICH_TCGA-KIRC,211.75572
radiology,TCGA-KICH_TCGA-KIRP,188.59456
radiology,TCGA-KICH_TCGA-LIHC,84.70065
radiology,TCGA-KICH_TCGA-LUAD,223.78348
radiology,TCGA-KICH_TCGA-LUSC,69.48717
radiology,TCGA-KICH_TCGA-OV,205.23758
radiology,TCGA-KICH_TCGA-PRAD,146.2777
radiology,TCGA-KICH_TCGA-READ,190.67119
radiology,TCGA-KICH_TCGA-SARC,221.46727
radiology,TCGA-KICH_TCGA-STAD,218.01418
radiology,TCGA-KICH_TCGA-THCA,169.44438
radiology,TCGA-KICH_TCGA-UCEC,217.94487
radiology,TCGA-KIRC_TCGA-KIRP,140.59883
radiology,TCGA-KIRC_TCGA-LIHC,294.44458
radiology,TCGA-KIRC_TCGA-LUAD,17.93067
radiology,TCGA-KIRC_TCGA-LUSC,143.89912
radiology,TCGA-KIRC_TCGA-OV,12.228492
radiology,TCGA-KIRC_TCGA-PRAD,66.59398
radiology,TCGA-KIRC_TCGA-READ,38.101112
radiology,TCGA-KIRC_TCGA-SARC,15.351877
radiology,TCGA-KIRC_TCGA-STAD,17.23152
radiology,TCGA-KIRC_TCGA-THCA,43.463802
radiology,TCGA-KIRC_TCGA-UCEC,12.896462
radiology,TCGA-KIRP_TCGA-LIHC,255.02283
radiology,TCGA-KIRP_TCGA-LUAD,148.4568
radiology,TCGA-KIRP_TCGA-LUSC,144.63773
radiology,TCGA-KIRP_TCGA-OV,138.73267
radiology,TCGA-KIRP_TCGA-PRAD,124.80245
radiology,TCGA-KIRP_TCGA-READ,130.633
radiology,TCGA-KIRP_TCGA-SARC,147.21361
radiology,TCGA-KIRP_TCGA-STAD,134.69122
radiology,TCGA-KIRP_TCGA-THCA,126.78174
radiology,TCGA-KIRP_TCGA-UCEC,145.01062
radiology,TCGA-LIHC_TCGA-LUAD,306.2017
radiology,TCGA-LIHC_TCGA-LUSC,151.4099
radiology,TCGA-LIHC_TCGA-OV,287.80103
radiology,TCGA-LIHC_TCGA-PRAD,228.99503
radiology,TCGA-LIHC_TCGA-READ,272.8562
radiology,TCGA-LIHC_TCGA-SARC,303.93393
radiology,TCGA-LIHC_TCGA-STAD,300.2309
radiology,TCGA-LIHC_TCGA-THCA,252.03577
radiology,TCGA-LIHC_TCGA-UCEC,300.4387
radiology,TCGA-LUAD_TCGA-LUSC,155.27168
radiology,TCGA-LUAD_TCGA-OV,19.191288
radiology,TCGA-LUAD_TCGA-PRAD,77.71254
radiology,TCGA-LUAD_TCGA-READ,55.69048
radiology,TCGA-LUAD_TCGA-SARC,2.7902472
radiology,TCGA-LUAD_TCGA-STAD,13.97597
radiology,TCGA-LUAD_TCGA-THCA,54.588997
radiology,TCGA-LUAD_TCGA-UCEC,6.5352635
radiology,TCGA-LUSC_TCGA-OV,136.94716
radiology,TCGA-LUSC_TCGA-PRAD,77.91307
radiology,TCGA-LUSC_TCGA-READ,126.234245
radiology,TCGA-LUSC_TCGA-SARC,153.018
radiology,TCGA-LUSC_TCGA-STAD,149.74275
radiology,TCGA-LUSC_TCGA-THCA,101.20667
radiology,TCGA-LUSC_TCGA-UCEC,149.54425
radiology,TCGA-OV_TCGA-PRAD,59.30631
radiology,TCGA-OV_TCGA-READ,42.31961
radiology,TCGA-OV_TCGA-SARC,16.720219
radiology,TCGA-OV_TCGA-STAD,17.947407
radiology,TCGA-OV_TCGA-THCA,35.879066
radiology,TCGA-OV_TCGA-UCEC,12.939892
radiology,TCGA-PRAD_TCGA-READ,57.574623
radiology,TCGA-PRAD_TCGA-SARC,75.42033
radiology,TCGA-PRAD_TCGA-STAD,72.80418
radiology,TCGA-PRAD_TCGA-THCA,23.943878
radiology,TCGA-PRAD_TCGA-UCEC,71.90667
radiology,TCGA-READ_TCGA-SARC,53.09086
radiology,TCGA-READ_TCGA-STAD,51.132862
radiology,TCGA-READ_TCGA-THCA,41.955368
radiology,TCGA-READ_TCGA-UCEC,50.203102
radiology,TCGA-SARC_TCGA-STAD,13.1952715
radiology,TCGA-SARC_TCGA-THCA,52.21829
radiology,TCGA-SARC_TCGA-UCEC,4.0749645
radiology,TCGA-STAD_TCGA-THCA,50.03125
radiology,TCGA-STAD_TCGA-UCEC,12.466956
radiology,TCGA-THCA_TCGA-UCEC,48.631676
multimodal,TCGA-BLCA_TCGA-BRCA,56.3979
multimodal,TCGA-BLCA_TCGA-CESC,54.22961
multimodal,TCGA-BLCA_TCGA-COAD,46.737125
multimodal,TCGA-BLCA_TCGA-ESCA,312.48358
multimodal,TCGA-BLCA_TCGA-KICH,150.23987
multimodal,TCGA-BLCA_TCGA-KIRC,63.95194
multimodal,TCGA-BLCA_TCGA-KIRP,603.4703
multimodal,TCGA-BLCA_TCGA-LIHC,632.4907
multimodal,TCGA-BLCA_TCGA-LUAD,334.3022
multimodal,TCGA-BLCA_TCGA-LUSC,222.01018
multimodal,TCGA-BLCA_TCGA-OV,49.31034
multimodal,TCGA-BLCA_TCGA-PRAD,49.71007
multimodal,TCGA-BLCA_TCGA-READ,41.36188
multimodal,TCGA-BLCA_TCGA-SARC,179.27605
multimodal,TCGA-BLCA_TCGA-STAD,70.02176
multimodal,TCGA-BLCA_TCGA-THCA,45.429882
multimodal,TCGA-BLCA_TCGA-UCEC,52.677307
multimodal,TCGA-BRCA_TCGA-CESC,48.057426
multimodal,TCGA-BRCA_TCGA-COAD,40.239487
multimodal,TCGA-BRCA_TCGA-ESCA,312.73395
multimodal,TCGA-BRCA_TCGA-KICH,145.52379
multimodal,TCGA-BRCA_TCGA-KIRC,31.107937
multimodal,TCGA-BRCA_TCGA-KIRP,600.78815
multimodal,TCGA-BRCA_TCGA-LIHC,631.6195
multimodal,TCGA-BRCA_TCGA-LUAD,332.21088
multimodal,TCGA-BRCA_TCGA-LUSC,218.29417
multimodal,TCGA-BRCA_TCGA-OV,46.58045
multimodal,TCGA-BRCA_TCGA-PRAD,24.570827
multimodal,TCGA-BRCA_TCGA-READ,38.1578
multimodal,TCGA-BRCA_TCGA-SARC,180.24182
multimodal,TCGA-BRCA_TCGA-STAD,60.380615
multimodal,TCGA-BRCA_TCGA-THCA,34.74888
multimodal,TCGA-BRCA_TCGA-UCEC,33.954983
multimodal,TCGA-CESC_TCGA-COAD,41.810158
multimodal,TCGA-CESC_TCGA-ESCA,313.0346
multimodal,TCGA-CESC_TCGA-KICH,149.51115
multimodal,TCGA-CESC_TCGA-KIRC,44.31571
multimodal,TCGA-CESC_TCGA-KIRP,602.8384
multimodal,TCGA-CESC_TCGA-LIHC,631.8198
multimodal,TCGA-CESC_TCGA-LUAD,330.58514
multimodal,TCGA-CESC_TCGA-LUSC,219.9576
multimodal,TCGA-CESC_TCGA-OV,23.233753
multimodal,TCGA-CESC_TCGA-PRAD,39.068607
multimodal,TCGA-CESC_TCGA-READ,34.98471
multimodal,TCGA-CESC_TCGA-SARC,176.6142
multimodal,TCGA-CESC_TCGA-STAD,58.60489
multimodal,TCGA-CESC_TCGA-THCA,44.365482
multimodal,TCGA-CESC_TCGA-UCEC,26.391678
multimodal,TCGA-COAD_TCGA-ESCA,310.28122
multimodal,TCGA-COAD_TCGA-KICH,142.86768
multimodal,TCGA-COAD_TCGA-KIRC,44.92709
multimodal,TCGA-COAD_TCGA-KIRP,601.33636
multimodal,TCGA-COAD_TCGA-LIHC,629.3331
multimodal,TCGA-COAD_TCGA-LUAD,333.8637
multimodal,TCGA-COAD_TCGA-LUSC,219.37001
multimodal,TCGA-COAD_TCGA-OV,36.603077
multimodal,TCGA-COAD_TCGA-PRAD,36.520473
multimodal,TCGA-COAD_TCGA-READ,31.507889
multimodal,TCGA-COAD_TCGA-SARC,174.84277
multimodal,TCGA-COAD_TCGA-STAD,59.58205
multimodal,TCGA-COAD_TCGA-THCA,36.239426
multimodal,TCGA-COAD_TCGA-UCEC,37.45955
multimodal,TCGA-ESCA_TCGA-KICH,176.06076
multimodal,TCGA-ESCA_TCGA-KIRC,313.74023
multimodal,TCGA-ESCA_TCGA-KIRP,494.80026
multimodal,TCGA-ESCA_TCGA-LIHC,335.88553
multimodal,TCGA-ESCA_TCGA-LUAD,434.84402
multimodal,TCGA-ESCA_TCGA-LUSC,262.75583
multimodal,TCGA-ESCA_TCGA-OV,312.04422
multimodal,TCGA-ESCA_TCGA-PRAD,313.70706
multimodal,TCGA-ESCA_TCGA-READ,311.2898
multimodal,TCGA-ESCA_TCGA-SARC,339.01074
multimodal,TCGA-ESCA_TCGA-STAD,316.31305
multimodal,TCGA-ESCA_TCGA-THCA,314.22162
multimodal,TCGA-ESCA_TCGA-UCEC,312.36044
multimodal,TCGA-KICH_TCGA-KIRC,148.00957
multimodal,TCGA-KICH_TCGA-KIRP,535.1021
multimodal,TCGA-KICH_TCGA-LIHC,491.23038
multimodal,TCGA-KICH_TCGA-LUAD,354.01788
multimodal,TCGA-KICH_TCGA-LUSC,185.29967
multimodal,TCGA-KICH_TCGA-OV,149.57474
multimodal,TCGA-KICH_TCGA-PRAD,147.82542
multimodal,TCGA-KICH_TCGA-READ,146.3022
multimodal,TCGA-KICH_TCGA-SARC,227.52325
multimodal,TCGA-KICH_TCGA-STAD,151.69392
multimodal,TCGA-KICH_TCGA-THCA,148.59373
multimodal,TCGA-KICH_TCGA-UCEC,146.74197
multimodal,TCGA-KIRC_TCGA-KIRP,601.54956
multimodal,TCGA-KIRC_TCGA-LIHC,630.72986
multimodal,TCGA-KIRC_TCGA-LUAD,331.20325
multimodal,TCGA-KIRC_TCGA-LUSC,219.86562
multimodal,TCGA-KIRC_TCGA-OV,39.56138
multimodal,TCGA-KIRC_TCGA-PRAD,31.214676
multimodal,TCGA-KIRC_TCGA-READ,42.384544
multimodal,TCGA-KIRC_TCGA-SARC,176.78383
multimodal,TCGA-KIRC_TCGA-STAD,63.069992
multimodal,TCGA-KIRC_TCGA-THCA,52.350563
multimodal,TCGA-KIRC_TCGA-UCEC,33.75782
multimodal,TCGA-KIRP_TCGA-LIHC,565.4629
multimodal,TCGA-KIRP_TCGA-LUAD,673.5412
multimodal,TCGA-KIRP_TCGA-LUSC,391.43793
multimodal,TCGA-KIRP_TCGA-OV,602.8217
multimodal,TCGA-KIRP_TCGA-PRAD,602.3488
multimodal,TCGA-KIRP_TCGA-READ,602.1886
multimodal,TCGA-KIRP_TCGA-SARC,621.5163
multimodal,TCGA-KIRP_TCGA-STAD,603.89343
multimodal,TCGA-KIRP_TCGA-THCA,603.51135
multimodal,TCGA-KIRP_TCGA-UCEC,601.5216
multimodal,TCGA-LIHC_TCGA-LUAD,691.72076
multimodal,TCGA-LIHC_TCGA-LUSC,539.8857
multimodal,TCGA-LIHC_TCGA-OV,631.74585
multimodal,TCGA-LIHC_TCGA-PRAD,632.52966
multimodal,TCGA-LIHC_TCGA-READ,631.16724
multimodal,TCGA-LIHC_TCGA-SARC,649.87024
multimodal,TCGA-LIHC_TCGA-STAD,631.73615
multimodal,TCGA-LIHC_TCGA-THCA,634.46826
multimodal,TCGA-LIHC_TCGA-UCEC,631.1594
multimodal,TCGA-LUAD_TCGA-LUSC,386.1234
multimodal,TCGA-LUAD_TCGA-OV,330.26456
multimodal,TCGA-LUAD_TCGA-PRAD,332.51767
multimodal,TCGA-LUAD_TCGA-READ,332.43613
multimodal,TCGA-LUAD_TCGA-SARC,338.25974
multimodal,TCGA-LUAD_TCGA-STAD,323.16
multimodal,TCGA-LUAD_TCGA-THCA,333.33142
multimodal,TCGA-LUAD_TCGA-UCEC,330.33255
multimodal,TCGA-LUSC_TCGA-OV,220.00908
multimodal,TCGA-LUSC_TCGA-PRAD,219.36974
multimodal,TCGA-LUSC_TCGA-READ,218.66847
multimodal,TCGA-LUSC_TCGA-SARC,278.38358
multimodal,TCGA-LUSC_TCGA-STAD,221.1307
multimodal,TCGA-LUSC_TCGA-THCA,220.26274
multimodal,TCGA-LUSC_TCGA-UCEC,217.75891
multimodal,TCGA-OV_TCGA-PRAD,34.633827
multimodal,TCGA-OV_TCGA-READ,29.445429
multimodal,TCGA-OV_TCGA-SARC,171.04143
multimodal,TCGA-OV_TCGA-STAD,60.115963
multimodal,TCGA-OV_TCGA-THCA,45.129074
multimodal,TCGA-OV_TCGA-UCEC,26.367327
multimodal,TCGA-PRAD_TCGA-READ,25.116764
multimodal,TCGA-PRAD_TCGA-SARC,176.88118
multimodal,TCGA-PRAD_TCGA-STAD,59.238262
multimodal,TCGA-PRAD_TCGA-THCA,33.654976
multimodal,TCGA-PRAD_TCGA-UCEC,28.932007
multimodal,TCGA-READ_TCGA-SARC,175.86646
multimodal,TCGA-READ_TCGA-STAD,55.30747
multimodal,TCGA-READ_TCGA-THCA,32.056454
multimodal,TCGA-READ_TCGA-UCEC,32.056507
multimodal,TCGA-SARC_TCGA-STAD,188.09529
multimodal,TCGA-SARC_TCGA-THCA,180.95226
multimodal,TCGA-SARC_TCGA-UCEC,178.89754
multimodal,TCGA-STAD_TCGA-THCA,58.63003
multimodal,TCGA-STAD_TCGA-UCEC,54.254303
multimodal,TCGA-THCA_TCGA-UCEC,35.160477
